<?xml version="1.0"?>
<!-- /**
 * Magiccart 
 * @category    Magiccart 
 * @copyright   Copyright (c) 2014 Magiccart (http://www.magiccart.net/) 
 * @license     http://www.magiccart.net/license-agreement.html
 * @Author: DOng NGuyen<nguyen@dvn.com>
 * @@Create Date: 2016-02-23 18:59:34
 * @@Modify Date: 2016-07-29 12:02:49
 * @@Function:
 */ -->
<config xmlns:xsi="http://www.w3.org/2001/XMLSchema-instance" xsi:noNamespaceSchemaLocation="urn:magento:module:Magento_Config:etc/system_file.xsd">
    <system>
        <tab id="Magiccart" translate="label" sortOrder="400">
            <label>Magiccart</label>
        </tab>
        <section id="alothemes" translate="label" type="text" sortOrder="100" showInDefault="1" showInWebsite="1" showInStore="1">
            <class>separator-top</class>
            <label>ALO Themes</label>
            <tab>Magiccart</tab>
            <resource>Magiccart_Alothemes::config_alothemes</resource>
<!--             <group id="general" translate="label" type="text" sortOrder="5" showInDefault="1" showInWebsite="1" showInStore="1">
                <label>General</label>
                <field id="enabled" translate="label comment" type="select" sortOrder="0"  showInDefault="1" showInWebsite="1" showInStore="1">
                    <label>Enabled</label>
                    <comment>Enabled</comment>
                    <source_model>Magento\Config\Model\Config\Source\Yesno</source_model>
                </field>
            </group> -->
            <group id="grid" translate="label" type="text" sortOrder="10" showInDefault="1" showInWebsite="1" showInStore="1">
                <label>Grid Category</label>
                <field id="mobile" translate="label comment" type="select" sortOrder="0"  showInDefault="1" showInWebsite="1" showInStore="1">
                    <label><![CDATA[Display in Screen <= 360: ]]></label>
                    <comment><![CDATA[Number product show in screen ( Size <= 360 ) ]]></comment>
                    <source_model>Magiccart\Alothemes\Model\System\Config\Col</source_model>
                    <validate>required-entry validate-greater-than-zero</validate>
                </field>
                <field id="portrait" translate="label comment" type="select" sortOrder="5"  showInDefault="1" showInWebsite="1" showInStore="1">
                    <label><![CDATA[Display in Screen ( 360, 480 ): ]]></label>
                    <comment><![CDATA[Number product show in screen ( 360 < Size < 480 ) ]]></comment>
                    <source_model>Magiccart\Alothemes\Model\System\Config\Col</source_model>
                    <validate>required-entry validate-greater-than-zero</validate>
                </field>
                <field id="landscape" translate="label comment" type="select" sortOrder="10"  showInDefault="1" showInWebsite="1" showInStore="1">
                    <label><![CDATA[Display in Screen [ 480, 640 ): ]]></label>
                    <comment><![CDATA[Number product show in screen ( 480 <= Size < 640 ) ]]></comment>
                    <source_model>Magiccart\Alothemes\Model\System\Config\Col</source_model>
                    <validate>required-entry validate-greater-than-zero</validate>
                </field>
                <field id="tablet" translate="label comment" type="select" sortOrder="15"  showInDefault="1" showInWebsite="1" showInStore="1">
                    <label><![CDATA[Display in Screen [ 640, 768 ): ]]></label>
                    <comment><![CDATA[Number product show in screen ( 640 <= Size < 768 ) ]]></comment>
                    <source_model>Magiccart\Alothemes\Model\System\Config\Col</source_model>
                    <validate>required-entry validate-greater-than-zero</validate>
                </field>
                <field id="notebook" translate="label comment" type="select" sortOrder="20"  showInDefault="1" showInWebsite="1" showInStore="1">
                    <label><![CDATA[Display in Screen [ 768, 992 ): ]]></label>
                    <comment><![CDATA[Number product show in screen ( 768 <= Size < 992 ) ]]></comment>
                    <source_model>Magiccart\Alothemes\Model\System\Config\Col</source_model>
                    <validate>required-entry validate-greater-than-zero</validate>
                </field>
                <field id="desktop" translate="label comment" type="select" sortOrder="22"  showInDefault="1" showInWebsite="1" showInStore="1">
                    <label><![CDATA[Display in Screen [ 992, 1200 ): ]]></label>
                    <comment><![CDATA[Number product show in screen ( 992 <= Size < 1200 ) ]]></comment>
                    <source_model>Magiccart\Alothemes\Model\System\Config\Col</source_model>
                    <validate>required-entry validate-greater-than-zero</validate>
                </field>
                <field id="visible" translate="label comment" type="select" sortOrder="25"  showInDefault="1" showInWebsite="1" showInStore="1">
                    <label><![CDATA[Display in Screen Size >= 1200: ]]></label>
                    <comment><![CDATA[Number product show in screen ( Size >= 1200 ) ]]></comment>
                    <source_model>Magiccart\Alothemes\Model\System\Config\Col</source_model>
                    <validate>required-entry validate-greater-than-zero</validate>
                </field>
                <field id="padding" translate="label comment" type="text" sortOrder="30"  showInDefault="1" showInWebsite="1" showInStore="1">
                    <label>Padding Left and Right</label>
                    <comment>Padding Left and Right</comment>
                    <validate>required-entry validate-zero-or-greater</validate>
                </field>
            </group>

            <group id="related" translate="label" type="text" sortOrder="15" showInDefault="1" showInWebsite="1" showInStore="1">
                <label>Related Products</label>
                <field id="slide" translate="label comment" type="select" sortOrder="10"  showInDefault="1" showInWebsite="1" showInStore="1">
                    <label>Slide</label>
                    <comment>Enabled Slide</comment>
                    <source_model>Magento\Config\Model\Config\Source\Yesno</source_model>
                </field>
                <field id="vertical" translate="label comment" type="select" sortOrder="15"  showInDefault="1" showInWebsite="1" showInStore="1">
                    <label>Slide Vertical</label>
                    <comment>Mode Vertical</comment>
                    <source_model>Magiccart\Alothemes\Model\System\Config\Truefalse</source_model>
                    <depends><field id="slide" separator=",">1,3</field></depends>
                </field>
                <field id="infinite" translate="label comment" type="select" sortOrder="20"  showInDefault="1" showInWebsite="1" showInStore="1">
                    <label>Infinite</label>
                    <comment>Infinite</comment>
                    <source_model>Magiccart\Alothemes\Model\System\Config\Truefalse</source_model>
                    <depends><field id="slide" separator=",">1</field></depends>
                </field>
                <field id="autoplay" translate="label comment" type="select" sortOrder="25"  showInDefault="1" showInWebsite="1" showInStore="1">
                    <label>Auto Play</label>
                    <comment>Auto Play</comment>
                    <source_model>Magiccart\Alothemes\Model\System\Config\Truefalse</source_model>
                    <depends><field id="slide" separator=",">1</field></depends>
                </field>
                <field id="arrows" translate="label comment" type="select" sortOrder="30"  showInDefault="1" showInWebsite="1" showInStore="1">
                    <label>Arrows</label>
                    <comment>Next/Back</comment>
                    <source_model>Magiccart\Alothemes\Model\System\Config\Truefalse</source_model>
                    <depends><field id="slide" separator=",">1</field></depends>
                </field>
                <field id="dots" translate="label comment" type="select" sortOrder="35"  showInDefault="1" showInWebsite="1" showInStore="1">
                    <label>Dots</label>
                    <comment>Pager</comment>
                    <source_model>Magiccart\Alothemes\Model\System\Config\Truefalse</source_model>
                    <depends><field id="slide" separator=",">1</field></depends>
                </field>
                <field id="speed" translate="label comment" type="text" sortOrder="45"  showInDefault="1" showInWebsite="1" showInStore="1">
                    <label>Speed</label>
                    <comment>Speed</comment>
                    <validate>validate-zero-or-greater</validate>
                    <depends><field id="slide" separator=",">1</field></depends>
                </field>
                <!-- <field id="autoplay-Speed" translate="label comment" type="text" sortOrder="50"  showInDefault="1" showInWebsite="1" showInStore="1">
                    <label>autoplay Speed</label>
                    <comment>autoplay Speed</comment>
                    <validate>validate-zero-or-greater</validate>
                    <depends><field id="slide" separator=",">1</field></depends>
                </field> -->
                <field id="padding" translate="label comment" type="text" sortOrder="55"  showInDefault="1" showInWebsite="1" showInStore="1">
                    <label>Padding</label>
                    <comment>Padding item Brand</comment>
                    <validate>validate-zero-or-greater</validate>
                </field>

                <field id="heading_responsive" translate="label comment" sortOrder="60"  showInDefault="1" showInWebsite="1" showInStore="1">
                    <label>Setting Responsive</label>
                    <frontend_model>Magento\Config\Block\System\Config\Form\Field\Heading</frontend_model>
                </field>

                <field id="mobile" translate="label comment" type="select" sortOrder="70"  showInDefault="1" showInWebsite="1" showInStore="1">
                    <label><![CDATA[max-width 360: ]]></label>
                    <comment><![CDATA[Number product show in screen ( Size <= 360 ) ]]></comment>
                    <source_model>Magiccart\Alothemes\Model\System\Config\Col</source_model>
                    <validate>required-entry validate-greater-than-zero</validate>
                </field>
                <field id="portrait" translate="label comment" type="select" sortOrder="75"  showInDefault="1" showInWebsite="1" showInStore="1">
                    <label><![CDATA[max-width 480: ]]></label>
                    <comment><![CDATA[Number product show in screen ( 360 < Size < 480 ) ]]></comment>
                    <source_model>Magiccart\Alothemes\Model\System\Config\Col</source_model>
                    <validate>required-entry validate-greater-than-zero</validate>
                </field>
                <field id="landscape" translate="label comment" type="select" sortOrder="80"  showInDefault="1" showInWebsite="1" showInStore="1">
                    <label><![CDATA[max-width 640: ]]></label>
                    <comment><![CDATA[Number product show in screen ( 480 <= Size < 640 ) ]]></comment>
                    <source_model>Magiccart\Alothemes\Model\System\Config\Col</source_model>
                    <validate>required-entry validate-greater-than-zero</validate>
                </field>
                <field id="tablet" translate="label comment" type="select" sortOrder="85"  showInDefault="1" showInWebsite="1" showInStore="1">
                    <label><![CDATA[max-width 768: ]]></label>
                    <comment><![CDATA[Number product show in screen ( 640 <= Size < 768 ) ]]></comment>
                    <source_model>Magiccart\Alothemes\Model\System\Config\Col</source_model>
                    <validate>required-entry validate-greater-than-zero</validate>
                </field>
                <field id="notebook" translate="label comment" type="select" sortOrder="90"  showInDefault="1" showInWebsite="1" showInStore="1">
                    <label><![CDATA[max-width 991: ]]></label>
                    <comment><![CDATA[Number product show in screen ( 768 <= Size < 992 ) ]]></comment>
                    <source_model>Magiccart\Alothemes\Model\System\Config\Col</source_model>
                    <validate>required-entry validate-greater-than-zero</validate>
                </field>
                <field id="desktop" translate="label comment" type="select" sortOrder="95"  showInDefault="1" showInWebsite="1" showInStore="1">
                    <label><![CDATA[max-width 1199: ]]></label>
                    <comment><![CDATA[Number product show in screen ( 992 <= Size < 1200 ) ]]></comment>
                    <source_model>Magiccart\Alothemes\Model\System\Config\Col</source_model>
                    <validate>required-entry validate-greater-than-zero</validate>
                </field>
                <field id="visible" translate="label comment" type="select" sortOrder="100"  showInDefault="1" showInWebsite="1" showInStore="1">
                    <label><![CDATA[min-width 1200: ]]></label>
                    <comment><![CDATA[Number product show in screen ( Size >= 1200 ) ]]></comment>
                    <source_model>Magiccart\Alothemes\Model\System\Config\Col</source_model>
                    <validate>required-entry validate-greater-than-zero</validate>
                </field>
            </group>

            <group id="upsell" translate="label" type="text" sortOrder="20" showInDefault="1" showInWebsite="1" showInStore="1">
                <label>Upsell Products</label>
                <field id="slide" translate="label comment" type="select" sortOrder="10"  showInDefault="1" showInWebsite="1" showInStore="1">
                    <label>Slide</label>
                    <comment>Enabled Slide</comment>
                    <source_model>Magento\Config\Model\Config\Source\Yesno</source_model>
                </field>
                <field id="vertical" translate="label comment" type="select" sortOrder="15"  showInDefault="1" showInWebsite="1" showInStore="1">
                    <label>Slide Vertical</label>
                    <comment>Mode Vertical</comment>
                    <source_model>Magiccart\Alothemes\Model\System\Config\Truefalse</source_model>
                    <depends><field id="slide" separator=",">1,3</field></depends>
                </field>
                <field id="infinite" translate="label comment" type="select" sortOrder="20"  showInDefault="1" showInWebsite="1" showInStore="1">
                    <label>Infinite</label>
                    <comment>Infinite</comment>
                    <source_model>Magiccart\Alothemes\Model\System\Config\Truefalse</source_model>
                    <depends><field id="slide" separator=",">1</field></depends>
                </field>
                <field id="autoplay" translate="label comment" type="select" sortOrder="25"  showInDefault="1" showInWebsite="1" showInStore="1">
                    <label>Auto Play</label>
                    <comment>Auto Play</comment>
                    <source_model>Magiccart\Alothemes\Model\System\Config\Truefalse</source_model>
                    <depends><field id="slide" separator=",">1</field></depends>
                </field>
                <field id="arrows" translate="label comment" type="select" sortOrder="30"  showInDefault="1" showInWebsite="1" showInStore="1">
                    <label>Arrows</label>
                    <comment>Next/Back</comment>
                    <source_model>Magiccart\Alothemes\Model\System\Config\Truefalse</source_model>
                    <depends><field id="slide" separator=",">1</field></depends>
                </field>
                <field id="dots" translate="label comment" type="select" sortOrder="35"  showInDefault="1" showInWebsite="1" showInStore="1">
                    <label>Dots</label>
                    <comment>Pager</comment>
                    <source_model>Magiccart\Alothemes\Model\System\Config\Truefalse</source_model>
                    <depends><field id="slide" separator=",">1</field></depends>
                </field>
                <field id="speed" translate="label comment" type="text" sortOrder="45"  showInDefault="1" showInWebsite="1" showInStore="1">
                    <label>Speed</label>
                    <comment>Speed</comment>
                    <validate>validate-zero-or-greater</validate>
                    <depends><field id="slide" separator=",">1</field></depends>
                </field>
                <!-- <field id="autoplay-Speed" translate="label comment" type="text" sortOrder="50"  showInDefault="1" showInWebsite="1" showInStore="1">
                    <label>autoplay Speed</label>
                    <comment>autoplay Speed</comment>
                    <validate>validate-zero-or-greater</validate>
                    <depends><field id="slide" separator=",">1</field></depends>
                </field> -->
                <field id="padding" translate="label comment" type="text" sortOrder="55"  showInDefault="1" showInWebsite="1" showInStore="1">
                    <label>Padding</label>
                    <comment>Padding item Brand</comment>
                    <validate>validate-zero-or-greater</validate>
                </field>

                <field id="heading_responsive" translate="label comment" sortOrder="60"  showInDefault="1" showInWebsite="1" showInStore="1">
                    <label>Setting Responsive</label>
                    <frontend_model>Magento\Config\Block\System\Config\Form\Field\Heading</frontend_model>
                </field>

                <field id="mobile" translate="label comment" type="select" sortOrder="70"  showInDefault="1" showInWebsite="1" showInStore="1">
                    <label><![CDATA[max-width 360: ]]></label>
                    <comment><![CDATA[Number product show in screen ( Size <= 360 ) ]]></comment>
                    <source_model>Magiccart\Alothemes\Model\System\Config\Col</source_model>
                    <validate>required-entry validate-greater-than-zero</validate>
                </field>
                <field id="portrait" translate="label comment" type="select" sortOrder="75"  showInDefault="1" showInWebsite="1" showInStore="1">
                    <label><![CDATA[max-width 480: ]]></label>
                    <comment><![CDATA[Number product show in screen ( 360 < Size < 480 ) ]]></comment>
                    <source_model>Magiccart\Alothemes\Model\System\Config\Col</source_model>
                    <validate>required-entry validate-greater-than-zero</validate>
                </field>
                <field id="landscape" translate="label comment" type="select" sortOrder="80"  showInDefault="1" showInWebsite="1" showInStore="1">
                    <label><![CDATA[max-width 640: ]]></label>
                    <comment><![CDATA[Number product show in screen ( 480 <= Size < 640 ) ]]></comment>
                    <source_model>Magiccart\Alothemes\Model\System\Config\Col</source_model>
                    <validate>required-entry validate-greater-than-zero</validate>
                </field>
                <field id="tablet" translate="label comment" type="select" sortOrder="85"  showInDefault="1" showInWebsite="1" showInStore="1">
                    <label><![CDATA[max-width 768: ]]></label>
                    <comment><![CDATA[Number product show in screen ( 640 <= Size < 768 ) ]]></comment>
                    <source_model>Magiccart\Alothemes\Model\System\Config\Col</source_model>
                    <validate>required-entry validate-greater-than-zero</validate>
                </field>
                <field id="notebook" translate="label comment" type="select" sortOrder="90"  showInDefault="1" showInWebsite="1" showInStore="1">
                    <label><![CDATA[max-width 991: ]]></label>
                    <comment><![CDATA[Number product show in screen ( 768 <= Size < 992 ) ]]></comment>
                    <source_model>Magiccart\Alothemes\Model\System\Config\Col</source_model>
                    <validate>required-entry validate-greater-than-zero</validate>
                </field>
                <field id="desktop" translate="label comment" type="select" sortOrder="95"  showInDefault="1" showInWebsite="1" showInStore="1">
                    <label><![CDATA[max-width 1199: ]]></label>
                    <comment><![CDATA[Number product show in screen ( 992 <= Size < 1200 ) ]]></comment>
                    <source_model>Magiccart\Alothemes\Model\System\Config\Col</source_model>
                    <validate>required-entry validate-greater-than-zero</validate>
                </field>
                <field id="visible" translate="label comment" type="select" sortOrder="100"  showInDefault="1" showInWebsite="1" showInStore="1">
                    <label><![CDATA[min-width 1200: ]]></label>
                    <comment><![CDATA[Number product show in screen ( Size >= 1200 ) ]]></comment>
                    <source_model>Magiccart\Alothemes\Model\System\Config\Col</source_model>
                    <validate>required-entry validate-greater-than-zero</validate>
                </field>
            </group>

            <group id="crosssell" translate="label" type="text" sortOrder="25" showInDefault="1" showInWebsite="1" showInStore="1">
                <label>Crosssell Products</label>
                <field id="slide" translate="label comment" type="select" sortOrder="10"  showInDefault="1" showInWebsite="1" showInStore="1">
                    <label>Slide</label>
                    <comment>Enabled Slide</comment>
                    <source_model>Magento\Config\Model\Config\Source\Yesno</source_model>
                </field>
                <field id="vertical" translate="label comment" type="select" sortOrder="15"  showInDefault="1" showInWebsite="1" showInStore="1">
                    <label>Slide Vertical</label>
                    <comment>Mode Vertical</comment>
                    <source_model>Magiccart\Alothemes\Model\System\Config\Truefalse</source_model>
                    <depends><field id="slide" separator=",">1,3</field></depends>
                </field>
                <field id="infinite" translate="label comment" type="select" sortOrder="20"  showInDefault="1" showInWebsite="1" showInStore="1">
                    <label>Infinite</label>
                    <comment>Infinite</comment>
                    <source_model>Magiccart\Alothemes\Model\System\Config\Truefalse</source_model>
                    <depends><field id="slide" separator=",">1</field></depends>
                </field>
                <field id="autoplay" translate="label comment" type="select" sortOrder="25"  showInDefault="1" showInWebsite="1" showInStore="1">
                    <label>Auto Play</label>
                    <comment>Auto Play</comment>
                    <source_model>Magiccart\Alothemes\Model\System\Config\Truefalse</source_model>
                    <depends><field id="slide" separator=",">1</field></depends>
                </field>
                <field id="arrows" translate="label comment" type="select" sortOrder="30"  showInDefault="1" showInWebsite="1" showInStore="1">
                    <label>Arrows</label>
                    <comment>Next/Back</comment>
                    <source_model>Magiccart\Alothemes\Model\System\Config\Truefalse</source_model>
                    <depends><field id="slide" separator=",">1</field></depends>
                </field>
                <field id="dots" translate="label comment" type="select" sortOrder="35"  showInDefault="1" showInWebsite="1" showInStore="1">
                    <label>Dots</label>
                    <comment>Pager</comment>
                    <source_model>Magiccart\Alothemes\Model\System\Config\Truefalse</source_model>
                    <depends><field id="slide" separator=",">1</field></depends>
                </field>
                <field id="speed" translate="label comment" type="text" sortOrder="45"  showInDefault="1" showInWebsite="1" showInStore="1">
                    <label>Speed</label>
                    <comment>Speed</comment>
                    <validate>validate-zero-or-greater</validate>
                    <depends><field id="slide" separator=",">1</field></depends>
                </field>
                <!-- <field id="autoplay-Speed" translate="label comment" type="text" sortOrder="50"  showInDefault="1" showInWebsite="1" showInStore="1">
                    <label>autoplay Speed</label>
                    <comment>autoplay Speed</comment>
                    <validate>validate-zero-or-greater</validate>
                    <depends><field id="slide" separator=",">1</field></depends>
                </field> -->
                <field id="padding" translate="label comment" type="text" sortOrder="55"  showInDefault="1" showInWebsite="1" showInStore="1">
                    <label>Padding</label>
                    <comment>Padding item Brand</comment>
                    <validate>validate-zero-or-greater</validate>
                </field>

                <field id="heading_responsive" translate="label comment" sortOrder="60"  showInDefault="1" showInWebsite="1" showInStore="1">
                    <label>Setting Responsive</label>
                    <frontend_model>Magento\Config\Block\System\Config\Form\Field\Heading</frontend_model>
                </field>

                <field id="mobile" translate="label comment" type="select" sortOrder="70"  showInDefault="1" showInWebsite="1" showInStore="1">
                    <label><![CDATA[max-width 360: ]]></label>
                    <comment><![CDATA[Number product show in screen ( Size <= 360 ) ]]></comment>
                    <source_model>Magiccart\Alothemes\Model\System\Config\Col</source_model>
                    <validate>required-entry validate-greater-than-zero</validate>
                </field>
                <field id="portrait" translate="label comment" type="select" sortOrder="75"  showInDefault="1" showInWebsite="1" showInStore="1">
                    <label><![CDATA[max-width 480: ]]></label>
                    <comment><![CDATA[Number product show in screen ( 360 < Size < 480 ) ]]></comment>
                    <source_model>Magiccart\Alothemes\Model\System\Config\Col</source_model>
                    <validate>required-entry validate-greater-than-zero</validate>
                </field>
                <field id="landscape" translate="label comment" type="select" sortOrder="80"  showInDefault="1" showInWebsite="1" showInStore="1">
                    <label><![CDATA[max-width 640: ]]></label>
                    <comment><![CDATA[Number product show in screen ( 480 <= Size < 640 ) ]]></comment>
                    <source_model>Magiccart\Alothemes\Model\System\Config\Col</source_model>
                    <validate>required-entry validate-greater-than-zero</validate>
                </field>
                <field id="tablet" translate="label comment" type="select" sortOrder="85"  showInDefault="1" showInWebsite="1" showInStore="1">
                    <label><![CDATA[max-width 768: ]]></label>
                    <comment><![CDATA[Number product show in screen ( 640 <= Size < 768 ) ]]></comment>
                    <source_model>Magiccart\Alothemes\Model\System\Config\Col</source_model>
                    <validate>required-entry validate-greater-than-zero</validate>
                </field>
                <field id="notebook" translate="label comment" type="select" sortOrder="90"  showInDefault="1" showInWebsite="1" showInStore="1">
                    <label><![CDATA[max-width 991: ]]></label>
                    <comment><![CDATA[Number product show in screen ( 768 <= Size < 992 ) ]]></comment>
                    <source_model>Magiccart\Alothemes\Model\System\Config\Col</source_model>
                    <validate>required-entry validate-greater-than-zero</validate>
                </field>
                <field id="desktop" translate="label comment" type="select" sortOrder="95"  showInDefault="1" showInWebsite="1" showInStore="1">
                    <label><![CDATA[max-width 1199: ]]></label>
                    <comment><![CDATA[Number product show in screen ( 992 <= Size < 1200 ) ]]></comment>
                    <source_model>Magiccart\Alothemes\Model\System\Config\Col</source_model>
                    <validate>required-entry validate-greater-than-zero</validate>
                </field>
                <field id="visible" translate="label comment" type="select" sortOrder="100"  showInDefault="1" showInWebsite="1" showInStore="1">
                    <label><![CDATA[min-width 1200: ]]></label>
                    <comment><![CDATA[Number product show in screen ( Size >= 1200 ) ]]></comment>
                    <source_model>Magiccart\Alothemes\Model\System\Config\Col</source_model>
                    <validate>required-entry validate-greater-than-zero</validate>
                </field>
            </group>

            <group id="labels" translate="label" type="text" sortOrder="35" showInDefault="1" showInWebsite="1" showInStore="1">
                <label>Labels</label>
<!--                 <field id="newLabel" translate="label comment" type="select" sortOrder="0"  showInDefault="1" showInWebsite="1" showInStore="1">
                    <label>Show New Label: </label>
                    <comment>Enabled</comment>
                    <source_model>Magento\Config\Model\Config\Source\Yesno</source_model>
                </field> -->
                <field id="newText" translate="label comment" type="text" sortOrder="5"  showInDefault="1" showInWebsite="1" showInStore="1">
                    <label>New Text Label: </label>
                    <comment>Text Label</comment>
                    <validate>required-entry</validate>
                </field>
<!--                 <field id="saleLabel" translate="label comment" type="select" sortOrder="10"  showInDefault="1" showInWebsite="1" showInStore="1">
                    <label>Sale Text Label : </label>
                    <comment>Enabled</comment>
                    <source_model>Magento\Config\Model\Config\Source\Yesno</source_model>
                </field> -->
                <field id="saleText" translate="label comment" type="text" sortOrder="15"  showInDefault="1" showInWebsite="1" showInStore="1">
                    <label>Sale Text Label : </label>
                    <comment>Sale Text Label : </comment>
                    <validate>required-entry</validate>
                </field>
                <field id="salePercent" translate="label comment" type="select" sortOrder="20"  showInDefault="1" showInWebsite="1" showInStore="1">
                    <label>Sale Label Percent: </label>
                    <comment>Sale Label Percent</comment>
                    <source_model>Magento\Config\Model\Config\Source\Yesno</source_model>
                </field>
            </group>
            <group id="timer" translate="label" type="text" sortOrder="40" showInDefault="1" showInWebsite="1" showInStore="1">
                <label>Timer for Sale</label>
                <field id="enabled" translate="label comment" type="select" sortOrder="0"  showInDefault="1" showInWebsite="1" showInStore="1">
                    <label>Enabled: </label>
                    <comment>Enabled</comment>
                    <source_model>Magento\Config\Model\Config\Source\Yesno</source_model>
                </field>
                <field id="caption" translate="label comment" type="select" sortOrder="10"  showInDefault="1" showInWebsite="1" showInStore="1">
                    <label>Timer Caption: </label>
                    <comment>Timer Caption</comment>
                    <source_model>Magento\Config\Model\Config\Source\Yesno</source_model>
                </field>
            </group>
            <group id="categorysearch" translate="label" type="text" sortOrder="45" showInDefault="1" showInWebsite="1" showInStore="1">
                <label>Category Search:</label>
                <field id="enabled" translate="label comment" type="select" sortOrder="0"  showInDefault="1" showInWebsite="1" showInStore="1">
                    <label>Enabled: </label>
                    <comment>Enabled</comment>
                    <source_model>Magento\Config\Model\Config\Source\Yesno</source_model>
                </field>
            </group>
            <group id="newsletter" translate="label" type="text" sortOrder="50" showInDefault="1" showInWebsite="1" showInStore="1">
                <label>Newsletter Popup</label>
                <field id="enabled" translate="label comment" type="select" sortOrder="0"  showInDefault="1" showInWebsite="1" showInStore="1">
                    <label>Enabled: </label>
                    <comment>Enabled</comment>
                    <source_model>Magento\Config\Model\Config\Source\Yesno</source_model>
                </field>
                <field id="firstOnly" translate="label comment" type="select" sortOrder="5"  showInDefault="1" showInWebsite="1" showInStore="1">
                    <label>First only display : </label>
                    <comment>First only display</comment>
                    <source_model>Magento\Config\Model\Config\Source\Yesno</source_model>
                </field>
                <field id="timeDelay" translate="label comment" type="text" sortOrder="10"  showInDefault="1" showInWebsite="1" showInStore="1">
                    <label>Time Delay Popup :</label>
                    <comment>Time Delay Popup</comment>
                    <validate>required-entry validate-zero-or-greater</validate>
                </field>
                <field id="autoClose" translate="label comment" type="select" sortOrder="15"  showInDefault="1" showInWebsite="1" showInStore="1">
                    <label>Auto Close : </label>
                    <source_model>Magento\Config\Model\Config\Source\Yesno</source_model>
                </field>
                <field id="timeClose" translate="label comment" type="text" sortOrder="20"  showInDefault="1" showInWebsite="1" showInStore="1">
                    <label>Time Close Popup : </label>
                    <validate>validate-greater-than-zero</validate>
                </field>
                <field id="width" translate="label comment" type="text" sortOrder="25"  showInDefault="1" showInWebsite="1" showInStore="1">
                    <label>Width Popup : </label>
                    <validate>validate-greater-than-zero</validate>
                </field>
                <field id="height" translate="label comment" type="text" sortOrder="30"  showInDefault="1" showInWebsite="1" showInStore="1">
                    <label>Height Popup : </label>
                    <validate>validate-greater-than-zero</validate>
                </field>
                <field id="overlayColor" translate="label comment" type="text" sortOrder="35"  showInDefault="1" showInWebsite="1" showInStore="1">
                    <label>Overlay Color : </label>
                    <validate>alo-color</validate>
                </field>
                <field id="background_color" translate="label comment" type="text" sortOrder="40"  showInDefault="1" showInWebsite="1" showInStore="1">
                    <label>Background Color :</label>
                    <validate>alo-color</validate>
                </field>
                <field id="background_image" translate="label comment" type="image" sortOrder="45"  showInDefault="1" showInWebsite="1" showInStore="1">
                    <label>Background Image :</label>
                    <comment>Allowed file types: jpg, jpeg, gif, png.</comment>
                    <backend_model>Magento\Config\Model\Config\Backend\Image</backend_model>
                    <upload_dir config="system/filesystem/media" scope_info="1">magiccart/newsletter</upload_dir>
                    <base_url type="media" scope_info="1">magiccart/newsletter</base_url>
                </field>
            </group>
            <group id="font" translate="label" type="text" sortOrder="55" showInDefault="1" showInWebsite="1" showInStore="1">
                <label>Font</label>
                <field id="size" translate="label comment" type="select" sortOrder="0"  showInDefault="1" showInWebsite="1" showInStore="1">
                    <label>Basic Font Size : </label>
                    <comment>Size of the regular text. Font size of most of the other elements will be calculated relative to this value.</comment>
                    <source_model>Magiccart\Alothemes\Model\System\Config\Size</source_model>
                    <validate>font-size validate-greater-than-zero</validate>
                </field>
                <field id="google" translate="label comment" type="select" sortOrder="10"  showInDefault="1" showInWebsite="1" showInStore="1">
                    <label>Headings Font Family - Google Fonts : </label>
                     <comment><![CDATA[Font preview is available on <a href="http://www.google.com/webfonts">Google Web Fonts</a>]]><![CDATA[
                            <script type="text/javascript">
                                require(['alothemes']);
                            </script>
                        ]]></comment>
                     <source_model>Magiccart\Alothemes\Model\System\Config\Google</source_model>
                    <validate>mc-fonts alo-fonts</validate>
                </field>
            </group>
        </section>
        <section id="alodesign" translate="label" type="text" sortOrder="200" showInDefault="1" showInWebsite="1" showInStore="1">
            <class>separator-top</class>
            <label>Color Themes</label>
            <tab>Magiccart</tab>
            <resource>Magiccart_Alothemes::config_alodesign</resource>
            <group id="general" translate="label" type="text" sortOrder="0" showInDefault="1" showInWebsite="1" showInStore="1">
                <label>Advanced Setting</label>
                <field id="developer" translate="label comment" type="select" sortOrder="0"  showInDefault="1" showInWebsite="1" showInStore="1">
                    <label>Mode Developer Edit Selector: </label>
                    <comment>Only use for developer</comment>
                    <source_model>Magento\Config\Model\Config\Source\Yesno</source_model>
                </field>
            </group>
            <group id="base" translate="label" type="text" sortOrder="5" showInDefault="1" showInWebsite="1" showInStore="1">
                <label>Base Color Theme</label>
                <field id="color" translate="label comment tooltip" sortOrder="5" showInDefault="1" showInWebsite="1" showInStore="1">
                    <label>Advanced</label>
                    <frontend_model>Magiccart\Alothemes\Block\System\Config\Form\Field\Color</frontend_model>
                    <backend_model>Magiccart\Alothemes\Model\Design\Backend\Color</backend_model>
                    <comment></comment>
                    <tooltip>Base Color Theme.</tooltip>
                </field>
            </group>
            <group id="header" translate="label" type="text" sortOrder="10" showInDefault="1" showInWebsite="1" showInStore="1">
                <label>Header Color Theme</label>
                <field id="color" translate="label comment tooltip" sortOrder="5" showInDefault="1" showInWebsite="1" showInStore="1">
                    <label>Advanced</label>
                    <frontend_model>Magiccart\Alothemes\Block\System\Config\Form\Field\Color</frontend_model>
                    <backend_model>Magiccart\Alothemes\Model\Design\Backend\Color</backend_model>
                    <tooltip>Header Color Theme.</tooltip>
                </field>
            </group>
            <group id="left" translate="label" type="text" sortOrder="15" showInDefault="1" showInWebsite="1" showInStore="1">
                <label>Left Color Theme</label>
                <field id="color" translate="label comment tooltip" sortOrder="5" showInDefault="1" showInWebsite="1" showInStore="1">
                    <label>Advanced</label>
                    <frontend_model>Magiccart\Alothemes\Block\System\Config\Form\Field\Color</frontend_model>
                    <backend_model>Magiccart\Alothemes\Model\Design\Backend\Color</backend_model>
                    <tooltip>Left Color Theme.</tooltip>
                </field>
            </group>
            <group id="right" translate="label" type="text" sortOrder="20" showInDefault="1" showInWebsite="1" showInStore="1">
                <label>Right Color Theme</label>
                <field id="color" translate="label comment tooltip" sortOrder="5" showInDefault="1" showInWebsite="1" showInStore="1">
                    <label>Advanced</label>
                    <frontend_model>Magiccart\Alothemes\Block\System\Config\Form\Field\Color</frontend_model>
                    <backend_model>Magiccart\Alothemes\Model\Design\Backend\Color</backend_model>
                    <tooltip>Right Color Theme.</tooltip>
                </field>
            </group>
            <group id="content" translate="label" type="text" sortOrder="25" showInDefault="1" showInWebsite="1" showInStore="1">
                <label>Content Color Theme</label>
                <field id="color" translate="label comment tooltip" sortOrder="5" showInDefault="1" showInWebsite="1" showInStore="1">
                    <label>Advanced</label>
                    <frontend_model>Magiccart\Alothemes\Block\System\Config\Form\Field\Color</frontend_model>
                    <backend_model>Magiccart\Alothemes\Model\Design\Backend\Color</backend_model>
                    <tooltip>Content Color Theme.</tooltip>
                </field>
            </group>
            <group id="footer" translate="label" type="text" sortOrder="30" showInDefault="1" showInWebsite="1" showInStore="1">
                <label>Footer Color Theme</label>
                <field id="color" translate="label comment tooltip" sortOrder="5" showInDefault="1" showInWebsite="1" showInStore="1">
                    <label>Advanced</label>
                    <frontend_model>Magiccart\Alothemes\Block\System\Config\Form\Field\Color</frontend_model>
                    <backend_model>Magiccart\Alothemes\Model\Design\Backend\Color</backend_model>
                    <comment>
                        <![CDATA[
                            <script type="text/javascript">
                                require(['alothemes']);
                            </script>
                        ]]>
                    </comment>
                    <tooltip>Footer Color Theme.</tooltip>
                </field>
            </group>
        </section>
        <section id="alosocial" translate="label" type="text" sortOrder="300" showInDefault="1" showInWebsite="1" showInStore="1">
            <class>separator-top</class>
            <label>Social</label>
            <tab>Magiccart</tab>
            <resource>Magiccart_Alothemes::config_alosocial</resource>
            <group id="general" translate="label" type="text" sortOrder="0" showInDefault="1" showInWebsite="1" showInStore="1">
                <label>Advanced Setting</label>
                <field id="enabled" translate="label comment" type="select" sortOrder="0"  showInDefault="1" showInWebsite="1" showInStore="1">
                    <label>Enabled Social: </label>
                    <comment>Enabled Social</comment>
                    <source_model>Magento\Config\Model\Config\Source\Yesno</source_model>
                </field>
            </group>
            <group id="instagram" translate="label" type="text" sortOrder="30" showInDefault="1" showInWebsite="1" showInStore="1">
                <label>Instagram stream</label>
                <field id="username" translate="label comment" type="text" sortOrder="0"  showInDefault="1" showInWebsite="1" showInStore="1">
                    <label>User Name: </label>
                    <comment>User Name</comment>
                </field>
                <field id="accessToken" translate="label comment" type="text" sortOrder="2"  showInDefault="1" showInWebsite="1" showInStore="1">
                    <label>Access Token: </label>
                    <comment>Access Token</comment>
                </field>
                <field id="limit" translate="label comment" type="text" sortOrder="5"  showInDefault="1" showInWebsite="1" showInStore="1">
                    <label>Speed</label>
                    <comment>Speed</comment>
                    <validate>validate-zero-or-greater</validate>
                </field>
            </group>
            <group id="pinterest" translate="label" type="text" sortOrder="40" showInDefault="1" showInWebsite="1" showInStore="1">
                <label>Pinterest stream</label>
                <field id="username" translate="label comment" type="text" sortOrder="0"  showInDefault="1" showInWebsite="1" showInStore="1">
                    <label>User Name: </label>
                    <comment>User Name</comment>
                </field>
                <field id="limit" translate="label comment" type="text" sortOrder="5"  showInDefault="1" showInWebsite="1" showInStore="1">
                    <label>Speed</label>
                    <comment>Speed</comment>
                    <validate>validate-zero-or-greater</validate>
                </field>
            </group>
            <group id="flickr" translate="label" type="text" sortOrder="50" showInDefault="1" showInWebsite="1" showInStore="1">
                <label>Flickr stream</label>
                <field id="username" translate="label comment" type="text" sortOrder="0"  showInDefault="1" showInWebsite="1" showInStore="1">
                    <label>User Name: </label>
                    <comment>User Name</comment>
                </field>
                <field id="limit" translate="label comment" type="text" sortOrder="5"  showInDefault="1" showInWebsite="1" showInStore="1">
                    <label>Speed</label>
                    <comment>Speed</comment>
                    <validate>validate-zero-or-greater</validate>
                </field>
            </group>
            <group id="picasa" translate="label" type="text" sortOrder="60" showInDefault="1" showInWebsite="1" showInStore="1">
                <label>Picasa stream</label>
                <field id="username" translate="label comment" type="text" sortOrder="0"  showInDefault="1" showInWebsite="1" showInStore="1">
                    <label>User Name: </label>
                    <comment>User Name</comment>
                </field>
                <field id="limit" translate="label comment" type="text" sortOrder="5"  showInDefault="1" showInWebsite="1" showInStore="1">
                    <label>Speed</label>
                    <comment>Speed</comment>
                    <validate>validate-zero-or-greater</validate>
                </field>
            </group>
        </section>
    </system>
</config>
