<?xml version="1.0" encoding="UTF-8"?>
<root>
  <block>
    <item>
      <title><![CDATA[cms-static-main-footer]]></title>
      <identifier><![CDATA[cms-static-main-footer]]></identifier>
      <content><![CDATA[<div class="cms-static-link-footer link-footer">
<div class="container">
<img class="img-responsive" src="{{media url="wysiwyg/alothemes/static/logo.png"}}" alt="Banner" />
<ul class="policy-footer-link">
<li><a href="#">Help &amp; contact</a></li>
<li><a href="#">Shipping &amp; taxes</a></li>
<li><a href="#">Return policy</a></li>
<li><a href="#">Affliates</a></li>
<li><a href="#">Legal notice</a></li>
</ul>
</div>
</div>]]></content>
      <is_active><![CDATA[1]]></is_active>
    </item>
    <item>
      <title><![CDATA[Block Brands]]></title>
      <identifier><![CDATA[cms-static-brand]]></identifier>
      <content><![CDATA[<!-- Home Brand-->
<div class="cms-static-brands brands">
    <div class="container">
     <div class="row">
            <div class="col-lg-12 col-md-12 col-sm-12">
{{widget type="Magiccart\Shopbrand\Block\Widget\Brand" template="brand.phtml"}}
             </div>
         </div>
        </div>
</div>]]></content>
      <is_active><![CDATA[1]]></is_active>
    </item>
    <item>
      <title><![CDATA[home slide 6]]></title>
      <identifier><![CDATA[home-slide6]]></identifier>
      <content><![CDATA[<div class="alo-magicslider home-slider home-slider-index">{{widget type="Magiccart\Magicslider\Block\Widget\Slider" identifier="slide6" class="home-slider" template="magicslider.phtml"}}</div>]]></content>
      <is_active><![CDATA[1]]></is_active>
    </item>
    <item>
      <title><![CDATA[Footer Links]]></title>
      <identifier><![CDATA[footer_links]]></identifier>
      <content><![CDATA[
<ul>
    <li><a href="{{store direct_url="about-magento-demo-store"}}">About Us</a></li>
    <li><a href="{{store direct_url="customer-service"}}">Customer Service</a></li>
<li class="last privacy"><a href="{{store direct_url="privacy-policy-cookie-restriction-mode"}}">Privacy Policy</a></li>
</ul>]]></content>
      <is_active><![CDATA[1]]></is_active>
    </item>
    <item>
      <title><![CDATA[Footer Links Company]]></title>
      <identifier><![CDATA[footer_links_company]]></identifier>
      <content><![CDATA[
<div class="links">
    <div class="block-title">
        <strong><span>Company</span></strong>
    </div>
    <ul>
        <li><a href="{{store url=""}}about-magento-demo-store/">About Us</a></li>
        <li><a href="{{store url=""}}contacts/">Contact Us</a></li>
        <li><a href="{{store url=""}}customer-service/">Customer Service</a></li>
        <li><a href="{{store url=""}}privacy-policy-cookie-restriction-mode/">Privacy Policy</a></li>
    </ul>
</div>]]></content>
      <is_active><![CDATA[1]]></is_active>
    </item>
    <item>
      <title><![CDATA[Cookie restriction notice]]></title>
      <identifier><![CDATA[cookie_restriction_notice_block]]></identifier>
      <content><![CDATA[<p>This website requires cookies to provide all of its features. For more information on what data is contained in the cookies, please see our <a href="{{store direct_url="privacy-policy-cookie-restriction-mode"}}">Privacy Policy page</a>. To accept cookies from this site, please click the Allow button below.</p>]]></content>
      <is_active><![CDATA[1]]></is_active>
    </item>
    <item>
      <title><![CDATA[cms-static-testimonials]]></title>
      <identifier><![CDATA[cms-static-testimonials]]></identifier>
      <content><![CDATA[<div class="cms-static-testimonials testimonials"><div class="testi-box-content">{{widget type="Magiccart\Testimonial\Block\Widget\Testimonial" template="testimonial.phtml"}}</div></div>]]></content>
      <is_active><![CDATA[1]]></is_active>
    </item>
    <item>
      <title><![CDATA[cms-static-mix-custom-product]]></title>
      <identifier><![CDATA[cms-static-mix-custom-product]]></identifier>
      <content><![CDATA[<div class="cms-static-mix-custom-product">
<div class="container">
<div class="row">
<div class="custom-product  col-lg-4 col-md-4 col-sm-4 col-xs-4 col-mobile-12">{{widget type="Magiccart\Magicproduct\Block\Widget\Product" identifier="custom-product-1" template="productcustom.phtml"}}</div>
<div class="custom-product col-lg-4 col-md-4 col-sm-4 col-xs-4 col-mobile-12">{{widget type="Magiccart\Magicproduct\Block\Widget\Product" identifier="custom-product-2" template="productcustom.phtml"}}</div>
<div class="custom-product col-lg-4 col-md-4 col-sm-4 col-xs-4 col-mobile-12">{{widget type="Magiccart\Magicproduct\Block\Widget\Product" identifier="custom-product-3" template="productcustom.phtml"}}</div>
</div>
</div>
</div>]]></content>
      <is_active><![CDATA[1]]></is_active>
    </item>
    <item>
      <title><![CDATA[cms-static-blog]]></title>
      <identifier><![CDATA[cms-static-blog]]></identifier>
      <content><![CDATA[<div class="cms-static-blog blog">
<div class="container">
<div class="row">
<div class="col-lg-12 col-md-12 col-sm-12">{{widget type="Magefan\Blog\Block\Widget\Slide" title="Latest Posts Blog" limit="8" slide="1" vertical="false" infinite="true" autoplay="true" arrows="true" dots="false" speed="300" autoplay-Speed="3000" padding="15" template="slide.phtml" rows="1" mobile="1" portrait="1" landscape="2" tablet="2" notebook="3" desktop="3" visible="3"}}</div>
</div>
</div>
</div>]]></content>
      <is_active><![CDATA[1]]></is_active>
    </item>
    <item>
      <title><![CDATA[cms-static-policy]]></title>
      <identifier><![CDATA[cms-static-policy]]></identifier>
      <content><![CDATA[<div id="cms-static-policy" class="cms-static-policy policy">
<div class="container">
<div class="row">
<div class="policy-box col-lg-4 col-md-4 col-sm-4 col-xs-12">
<div class="box-content">
<div class="icon-service"><span class="icon fa fa-truck"><i class="hidden">hidden</i></span></div>
<div class="service-content">
<div class="info-title">
<h3>Free Shipping</h3>
</div>
<div class="sub-title"><span>Free for all order $300</span></div>
</div>
</div>
</div>
<div class="policy-box col-lg-4 col-md-4 col-sm-4 col-xs-12">
<div class="box-content">
<div class="icon-service"><span class="icon fa fa-mail-reply"><i class="hidden">hidden</i></span></div>
<div class="service-content">
<div class="info-title">
<h3>Money back</h3>
</div>
<div class="sub-title"><span>100% money back - 45 days</span></div>
</div>
</div>
</div>
<div class="policy-box col-lg-4 col-md-4 col-sm-4 col-xs-12">
<div class="box-content">
<div class="icon-service"><span class="icon fa fa-support"><i class="hidden">hidden</i></span></div>
<div class="service-content">
<div class="info-title">
<h3>Online support</h3>
</div>
<div class="sub-title"><span>service support fast 24/24</span></div>
</div>
</div>
</div>
</div>
</div>
</div>]]></content>
      <is_active><![CDATA[1]]></is_active>
    </item>
    <item>
      <title><![CDATA[cms-static-main-final]]></title>
      <identifier><![CDATA[cms-static-main-final]]></identifier>
      <content><![CDATA[<div class="cms-static-main-final">
<div class="container">
<div class="row">
<div class="col-lg-12 col-md-12 col-sm-12">
<div class="newsletter-final">{{block class="Magento\Newsletter\Block\Subscribe" template="subscribe.phtml"}}</div>
<div class="link-social"><span>Fllow us</span>
<ul class="link-list">
<li class="link-icon"><a class="fa fa-facebook" title="facebook" href="#"><span class="hidden">hidden</span></a></li>
<li class="link-icon"><a class="fa fa-twitter" title="twitter" href="#"><span class="hidden">hidden</span></a></li>
<li class="link-icon"><a class="fa fa-linkedin" title="linkedin" href="#"><span class="hidden">hidden</span></a></li>
<li class="link-icon"><a class="fa fa-rss" title="rss" href="#"><span class="hidden">hidden</span></a></li>
<li class="link-icon"><a class="fa fa-dribbble" title="dribbble" href="#"><span class="hidden">hidden</span></a></li>
</ul>
</div>
</div>
</div>
</div>
</div>]]></content>
      <is_active><![CDATA[1]]></is_active>
    </item>
    <item>
      <title><![CDATA[cms-static-bottom-mega-menu]]></title>
      <identifier><![CDATA[cms-static-bottom-mega-menu]]></identifier>
      <content><![CDATA[<div id="cms-static-bottom-mega-menu" class="cms-static-bottom-mega-menu">
<div class="img-box"><a><img class="img-responsive" src="{{media url="wysiwyg/alothemes/static/demo1/img-bottom-megamenu1.jpg"}}" alt="" /></a></div>
<div class="img-box"><a><img class="img-responsive" src="{{media url="wysiwyg/alothemes/static/demo1/img-bottom-megamenu2.jpg"}}" alt="" /></a></div>
</div>]]></content>
      <is_active><![CDATA[1]]></is_active>
    </item>
    <item>
      <title><![CDATA[cms-static-right-mega-menu]]></title>
      <identifier><![CDATA[cms-static-right-mega-menu]]></identifier>
      <content><![CDATA[<div id="cms-static-right-mega-menu" class="cms-static-right-mega-menu">
<div class="img-box"><a><img class="img-responsive" src="{{media url="wysiwyg/alothemes/static/demo1/img-right-megamenu.jpg"}}" alt="" /></a></div>
</div>]]></content>
      <is_active><![CDATA[1]]></is_active>
    </item>
    <item>
      <title><![CDATA[category-view-left-custom-block]]></title>
      <identifier><![CDATA[category-view-left-custom-block]]></identifier>
      <content><![CDATA[<div class="cms-static-product-sidebar">
        <div class="magic-product-sidebar custom-product">{{widget type="Magiccart\Magicproduct\Block\Widget\Product" identifier="category-view-left-custom-block" template="productcustom.phtml"}}
	</div>
</div>]]></content>
      <is_active><![CDATA[1]]></is_active>
    </item>
    <item>
      <title><![CDATA[page-view-right-custom-block]]></title>
      <identifier><![CDATA[page-view-right-custom-block]]></identifier>
      <content><![CDATA[<div class="cms-static-banner-sidebar banner-sidebar">
<img class="img-responsive" src="{{media url="wysiwyg/alothemes/static/banner-sidebar.jpg"}}" alt="" />
</div>]]></content>
      <is_active><![CDATA[1]]></is_active>
    </item>
    <item>
      <title><![CDATA[cms-static-pages]]></title>
      <identifier><![CDATA[cms-static-pages]]></identifier>
      <content><![CDATA[<div id="cms-static-pages" class="cms-static-pages">
<ul class="list-page">
<li><a href="{{store direct_url="about-us"}}"><span>About us</span></a></li>
<li><a href="{{store direct_url="no-route"}}"><span>404 not found</span></a></li>
<li><a href="{{store direct_url="portfolio"}}"><span>Portfolio</span></a></li>
<li><a href="{{store direct_url="portfolio-detail"}}"><span>Portfolio Detail</span></a></li>
<li><a href="{{store direct_url="name-product-demo6.html"}}"><span>Product detail</span></a></li>
</ul>
</div>]]></content>
      <is_active><![CDATA[1]]></is_active>
    </item>
    <item>
      <title><![CDATA[cms-static-type-product]]></title>
      <identifier><![CDATA[cms-static-type-product]]></identifier>
      <content><![CDATA[<div class="content-mega">
	<div class="content-mega-custom">
	    <div class="container-full">
			<ul class="mage-column cat-mega">
				<li class="children level1">
				   <a href="#"><span>Product Types</span></a>
				   <ul class="level1">
                        <li class="level2"><a href="{{store direct_url="name-product-demo-32.html"}}"><span>Single product</span></a></li>
						<li class="level2"><a href="{{store direct_url="grouped-product.html"}}"><span>Group product</span></a></li>
						<li class="level2"><a href="{{store direct_url="configurable-product.html"}}"><span>configurable product</span></a></li>
						<!--<li class="level2"><a href="sprite-yoga-companion-kit.html"><span>Bundle Product</span></a></li>
						<li class="level2"><a href="downloadable-product.html"><span>Downloadable Product</span></a></li>-->
				  </ul>
				</li>
				<li class="children level1 last">
				   <a href="#"><span>Product Features</span></a>
				   <ul class="level1">
				        <li class="level2"><a href="{{store direct_url="name-product-demo-34.html"}}"><span>Product with Related</span></a></li>
					<li class="level2"><a href="{{store direct_url="name-product-demo-31.html"}}"><span>Product with Upsell</span></a></li>
                                        <li class="level2"><a href="{{store direct_url="name-product-demo2.html"}}"><span>Product with Video</span></a></li>
				  </ul>
				</li>
			</ul>
		</div>
	</div>
</div>]]></content>
      <is_active><![CDATA[1]]></is_active>
    </item>
    <item>
      <title><![CDATA[Google Map Contact]]></title>
      <identifier><![CDATA[google-map-contact]]></identifier>
      <content><![CDATA[<div class="map-store"><iframe src="https://www.google.com/maps/embed?pb=!1m18!1m12!1m3!1d2558705.810489032!2d-89.41233176467617!3d41.86026927282476!2m3!1f0!2f0!3f0!3m2!1i1024!2i768!4f13.1!3m3!1m2!1s0x880e2c3cd0f4cbed%3A0xafe0a6ad09c0c000!2sChicago%2C+Illinois!5e0!3m2!1svi!2s!4v1464925737082" width="100%" height="435" frameborder="0" style="border:0" allowfullscreen></iframe></div>]]></content>
      <is_active><![CDATA[1]]></is_active>
    </item>
  </block>
</root>
