<?xml version="1.0" encoding="UTF-8"?>
<root>
  <system>
    <config>
      <path>alothemes/grid/tablet</path>
      <value><![CDATA[2]]></value>
    </config>
    <config>
      <path>alothemes/grid/notebook</path>
      <value><![CDATA[3]]></value>
    </config>
    <config>
      <path>alothemes/grid/desktop</path>
      <value><![CDATA[3]]></value>
    </config>
    <config>
      <path>alothemes/related/landscape</path>
      <value><![CDATA[2]]></value>
    </config>
    <config>
      <path>alothemes/related/tablet</path>
      <value><![CDATA[2]]></value>
    </config>
    <config>
      <path>alothemes/related/notebook</path>
      <value><![CDATA[3]]></value>
    </config>
    <config>
      <path>alothemes/related/desktop</path>
      <value><![CDATA[3]]></value>
    </config>
    <config>
      <path>alothemes/related/visible</path>
      <value><![CDATA[3]]></value>
    </config>
    <config>
      <path>alothemes/related/arrows</path>
      <value><![CDATA[true]]></value>
    </config>
    <config>
      <path>alothemes/upsell/vertical</path>
      <value><![CDATA[true]]></value>
    </config>
    <config>
      <path>alothemes/upsell/portrait</path>
      <value><![CDATA[1]]></value>
    </config>
    <config>
      <path>alothemes/upsell/landscape</path>
      <value><![CDATA[2]]></value>
    </config>
    <config>
      <path>alothemes/upsell/notebook</path>
      <value><![CDATA[3]]></value>
    </config>
    <config>
      <path>alothemes/upsell/desktop</path>
      <value><![CDATA[3]]></value>
    </config>
    <config>
      <path>alothemes/upsell/visible</path>
      <value><![CDATA[3]]></value>
    </config>
    <config>
      <path>alothemes/upsell/arrows</path>
      <value><![CDATA[true]]></value>
    </config>
    <config>
      <path>alothemes/crosssell/autoplay</path>
      <value><![CDATA[false]]></value>
    </config>
    <config>
      <path>alothemes/crosssell/landscape</path>
      <value><![CDATA[2]]></value>
    </config>
    <config>
      <path>alothemes/crosssell/desktop</path>
      <value><![CDATA[3]]></value>
    </config>
    <config>
      <path>alothemes/crosssell/arrows</path>
      <value><![CDATA[true]]></value>
    </config>
    <config>
      <path>alothemes/timer/enabled</path>
      <value><![CDATA[1]]></value>
    </config>
    <config>
      <path>alothemes/newsletter/firstOnly</path>
      <value><![CDATA[0]]></value>
    </config>
    <config>
      <path>alothemes/newsletter/timeDelay</path>
      <value><![CDATA[2000]]></value>
    </config>
    <config>
      <path>alothemes/newsletter/autoClose</path>
      <value><![CDATA[0]]></value>
    </config>
    <config>
      <path>alothemes/newsletter/width</path>
      <value><![CDATA[800]]></value>
    </config>
    <config>
      <path>alothemes/newsletter/height</path>
      <value><![CDATA[477]]></value>
    </config>
    <config>
      <path>alothemes/newsletter/background_image</path>
      <value><![CDATA[default/bg-poup-newletter.jpg]]></value>
    </config>
    <config>
      <path>alothemes/font/size</path>
      <value><![CDATA[13px]]></value>
    </config>
    <config>
      <path>alothemes/font/google</path>
      <value><![CDATA[Roboto]]></value>
    </config>
    <config>
      <path>alothemes/list/mobile</path>
      <value><![CDATA[1]]></value>
    </config>
    <config>
      <path>alothemes/list/portrait</path>
      <value><![CDATA[2]]></value>
    </config>
    <config>
      <path>alothemes/list/landscape</path>
      <value><![CDATA[2]]></value>
    </config>
    <config>
      <path>alothemes/list/tablet</path>
      <value><![CDATA[3]]></value>
    </config>
    <config>
      <path>alothemes/list/desktop</path>
      <value><![CDATA[2]]></value>
    </config>
    <config>
      <path>alothemes/list/visible</path>
      <value><![CDATA[3]]></value>
    </config>
    <config>
      <path>alothemes/list/padding</path>
      <value><![CDATA[15]]></value>
    </config>
    <config>
      <path>alodesign/general/developer</path>
      <value><![CDATA[0]]></value>
    </config>
    <config>
      <path>alodesign/base/color</path>
      <value><![CDATA[a:22:{s:18:"_1460970308665_665";a:5:{s:5:"title";s:9:"Text body";s:8:"selector";s:58:"body, h1, h2, h3, h4, h5, h6, .h1, .h2, .h3, .h4, .h5, .h6";s:5:"color";s:7:"#757575";s:10:"background";s:0:"";s:6:"border";s:0:"";}s:18:"_1460973866805_805";a:5:{s:5:"title";s:9:"Link body";s:8:"selector";s:124:"body.page-layout-1column a,body.page-layout-2columns-left a,body.page-layout-2columns-right a,.block-collapsible-nav .item a";s:5:"color";s:7:"#757575";s:10:"background";s:0:"";s:6:"border";s:0:"";}s:18:"_1460970355783_783";a:5:{s:5:"title";s:15:"Link body hover";s:8:"selector";s:25:"body a:hover,body a:focus";s:5:"color";s:7:"#f0b250";s:10:"background";s:0:"";s:6:"border";s:0:"";}s:18:"_1460973917197_197";a:5:{s:5:"title";s:15:"Background body";s:8:"selector";s:4:"body";s:5:"color";s:0:"";s:10:"background";s:7:"#ffffff";s:6:"border";s:0:"";}s:18:"_1460973918132_132";a:5:{s:5:"title";s:20:"Background Label New";s:8:"selector";s:17:".sticker.top-left";s:5:"color";s:7:"#434343";s:10:"background";s:7:"#ffffff";s:6:"border";s:0:"";}s:18:"_1460973919478_478";a:5:{s:5:"title";s:21:"Background Label Sale";s:8:"selector";s:18:".sticker.top-right";s:5:"color";s:7:"#434343";s:10:"background";s:7:"#ffffff";s:6:"border";s:0:"";}s:18:"_1460973920300_300";a:5:{s:5:"title";s:6:"Button";s:8:"selector";s:87:"button.button, button, .cart .continue, .actions-toolbar .primary a.action,button:focus";s:5:"color";s:7:"#707070";s:10:"background";s:7:"#ffffff";s:6:"border";s:7:"#e6e6e6";}s:18:"_1460973921109_109";a:5:{s:5:"title";s:12:"Button hover";s:8:"selector";s:98:"button.button:hover, button:hover, .cart .continue:hover, .actions-toolbar .primary a.action:hover";s:5:"color";s:7:"#ffffff";s:10:"background";s:7:"#f0b250";s:6:"border";s:7:"#f0b250";}s:17:"_1460974143044_44";a:5:{s:5:"title";s:15:"Button checkout";s:8:"selector";s:55:".cart-container .checkout-methods-items .action.primary";s:5:"color";s:7:"#ffffff";s:10:"background";s:7:"#1a1a1a";s:6:"border";s:7:"#1a1a1a";}s:18:"_1460974161636_636";a:5:{s:5:"title";s:21:"Button checkout hover";s:8:"selector";s:61:".cart-container .checkout-methods-items .action.primary:hover";s:5:"color";s:7:"#ffffff";s:10:"background";s:7:"#f0b250";s:6:"border";s:7:"#f0b250";}s:18:"_1462359190350_350";a:5:{s:5:"title";s:14:"Slide caption1";s:8:"selector";s:60:".home-slider .slick-slide.slick-active .figcaption .caption1";s:5:"color";s:7:"#ffffff";s:10:"background";s:0:"";s:6:"border";s:0:"";}s:18:"_1462359194278_278";a:5:{s:5:"title";s:14:"Slide caption2";s:8:"selector";s:60:".home-slider .slick-slide.slick-active .figcaption .caption2";s:5:"color";s:7:"#ffffff";s:10:"background";s:0:"";s:6:"border";s:0:"";}s:18:"_1462359195592_592";a:5:{s:5:"title";s:14:"Slide caption3";s:8:"selector";s:77:".home-slider .slick-slide.slick-active .figcaption .caption3,.caption3 strong";s:5:"color";s:7:"#ffffff";s:10:"background";s:0:"";s:6:"border";s:0:"";}s:17:"_1462359677068_68";a:5:{s:5:"title";s:15:"Slide2 caption1";s:8:"selector";s:73:".home-slider .slick-slide.slick-active .figcaption .text-slide2 .caption1";s:5:"color";s:7:"#ffffff";s:10:"background";s:0:"";s:6:"border";s:0:"";}s:18:"_1464950431304_304";a:5:{s:5:"title";s:12:"Button Slide";s:8:"selector";s:22:".home-slider .btn-shop";s:5:"color";s:7:"#1f1f1f";s:10:"background";s:16:"rgba(0, 0, 0, 0)";s:6:"border";s:7:"#171717";}s:18:"_1464950433191_191";a:5:{s:5:"title";s:18:"Button Slide Hover";s:8:"selector";s:28:".home-slider .btn-shop:hover";s:5:"color";s:7:"#ffffff";s:10:"background";s:7:"#171717";s:6:"border";s:7:"#171717";}s:18:"_1472122047537_537";a:5:{s:5:"title";s:19:"Slide3 Button Slide";s:8:"selector";s:35:".home-slider .text-slide3 .btn-shop";s:5:"color";s:7:"#ffffff";s:10:"background";s:16:"rgba(0, 0, 0, 0)";s:6:"border";s:7:"#ffffff";}s:18:"_1472122148324_324";a:5:{s:5:"title";s:25:"Slide3 Button Slide Hover";s:8:"selector";s:41:".home-slider .text-slide3 .btn-shop:hover";s:5:"color";s:7:"#ffffff";s:10:"background";s:7:"#171717";s:6:"border";s:7:"#171717";}s:18:"_1464950565349_349";a:5:{s:5:"title";s:28:"slick-prev, slick-next Slide";s:8:"selector";s:43:".home-slider.home-slider-index .slick-arrow";s:5:"color";s:7:"#5f5f5f";s:10:"background";s:7:"#ffffff";s:6:"border";s:16:"rgba(0, 0, 0, 0)";}s:18:"_1464950566517_517";a:5:{s:5:"title";s:34:"slick-prev, slick-next Slide hover";s:8:"selector";s:49:".home-slider.home-slider-index .slick-arrow:hover";s:5:"color";s:7:"#5f5f5f";s:10:"background";s:7:"#ffffff";s:6:"border";s:16:"rgba(0, 0, 0, 0)";}s:17:"_1464950657062_62";a:5:{s:5:"title";s:23:"slick-dots Button slide";s:8:"selector";s:40:".home-slider-index .slick-dots li button";s:5:"color";s:0:"";s:10:"background";s:7:"#ffffff";s:6:"border";s:7:"#ffffff";}s:18:"_1464950657997_997";a:5:{s:5:"title";s:30:"slick-dots Button slide active";s:8:"selector";s:100:".home-slider-index .slick-dots li.slick-active button,.home-slider-index .slick-dots li button:hover";s:5:"color";s:0:"";s:10:"background";s:16:"rgba(0, 0, 0, 0)";s:6:"border";s:7:"#ffffff";}}]]></value>
    </config>
    <config>
      <path>alodesign/header/color</path>
      <value><![CDATA[a:32:{s:18:"_1460974842988_988";a:5:{s:5:"title";s:4:"Link";s:8:"selector";s:14:".page-header a";s:5:"color";s:7:"#666666";s:10:"background";s:0:"";s:6:"border";s:0:"";}s:17:"_1460974844035_35";a:5:{s:5:"title";s:10:"Link hover";s:8:"selector";s:20:".page-header a:hover";s:5:"color";s:7:"#000000";s:10:"background";s:0:"";s:6:"border";s:0:"";}s:18:"_1461745654953_953";a:5:{s:5:"title";s:19:"Sign In or Register";s:8:"selector";s:23:".header .top-links li a";s:5:"color";s:7:"#000000";s:10:"background";s:0:"";s:6:"border";s:0:"";}s:18:"_1460974844914_914";a:5:{s:5:"title";s:17:"Language,Currency";s:8:"selector";s:164:".header .header-top .label-title, .text-setting, .text-setting:after, .header .header-top .label-title:after,  .header .header-top-link li, .header .currency_top li";s:5:"color";s:7:"#666666";s:10:"background";s:0:"";s:6:"border";s:0:"";}s:18:"_1460974846347_347";a:5:{s:5:"title";s:24:"Language,Currency(hover)";s:8:"selector";s:200:".header .header-top .label-title:hover, .text-setting:hover, .text-setting:hover:after, .header .header-top .label-title:hover:after,  .header .header-top-link li:hover, .header .currency_top li:hover";s:5:"color";s:7:"#666666";s:10:"background";s:0:"";s:6:"border";s:0:"";}s:17:"_1464321527023_23";a:5:{s:5:"title";s:15:"Dropdown border";s:8:"selector";s:88:".page-header .switcher .options ul.dropdown, .page-footer .switcher .options ul.dropdown";s:5:"color";s:0:"";s:10:"background";s:0:"";s:6:"border";s:7:"#cccccc";}s:18:"_1460974849970_970";a:5:{s:5:"title";s:20:"Background Top Color";s:8:"selector";s:11:".header-top";s:5:"color";s:0:"";s:10:"background";s:16:"rgba(0, 0, 0, 0)";s:6:"border";s:0:"";}s:18:"_1460974850895_895";a:5:{s:5:"title";s:24:"Background Content Color";s:8:"selector";s:15:".header-content";s:5:"color";s:0:"";s:10:"background";s:16:"rgba(0, 0, 0, 0)";s:6:"border";s:0:"";}s:18:"_1460974851962_962";a:5:{s:5:"title";s:23:"Background Bottom Color";s:8:"selector";s:14:".header-bottom";s:5:"color";s:0:"";s:10:"background";s:7:"#ffffff";s:6:"border";s:0:"";}s:18:"_1464321101712_712";a:5:{s:5:"title";s:18:"Form search border";s:8:"selector";s:20:".header .form-search";s:5:"color";s:0:"";s:10:"background";s:0:"";s:6:"border";s:7:"#0088cc";}s:18:"_1464321100711_711";a:5:{s:5:"title";s:18:"Form search Bg box";s:8:"selector";s:37:".header .form-search input.input-text";s:5:"color";s:0:"";s:10:"background";s:7:"#ffffff";s:6:"border";s:0:"";}s:18:"_1464321225591_591";a:5:{s:5:"title";s:18:"Form search button";s:8:"selector";s:34:".header .form-search button.button";s:5:"color";s:7:"#ffffff";s:10:"background";s:7:"#f0b250";s:6:"border";s:0:"";}s:18:"_1464321279102_102";a:5:{s:5:"title";s:24:"Form search button hover";s:8:"selector";s:40:".header .form-search button.button:hover";s:5:"color";s:7:"#ffffff";s:10:"background";s:7:"#f0b250";s:6:"border";s:0:"";}s:18:"_1461746040974_974";a:5:{s:5:"title";s:12:"Minicart qty";s:8:"selector";s:47:".minicart-wrapper .action.showcart .counter.qty";s:5:"color";s:7:"#ffffff";s:10:"background";s:16:"rgba(0, 0, 0, 0)";s:6:"border";s:0:"";}s:18:"_1461747058784_784";a:5:{s:5:"title";s:21:"Minicart box dropdown";s:8:"selector";s:33:".minicart-wrapper .block-minicart";s:5:"color";s:0:"";s:10:"background";s:7:"#ffffff";s:6:"border";s:7:"#f0b250";}s:18:"_1461746040733_733";a:5:{s:5:"title";s:17:"Minicart checkout";s:8:"selector";s:73:".block-minicart .block-content .actions .primary .action.primary.checkout";s:5:"color";s:7:"#ffffff";s:10:"background";s:7:"#1a1a1a";s:6:"border";s:7:"#1a1a1a";}s:18:"_1461746040514_514";a:5:{s:5:"title";s:17:"Minicart viewcart";s:8:"selector";s:60:".block-minicart .block-content .actions .secondary .viewcart";s:5:"color";s:7:"#666666";s:10:"background";s:0:"";s:6:"border";s:7:"#eaeaea";}s:18:"_1461746040213_213";a:5:{s:5:"title";s:23:"Minicart viewcart hover";s:8:"selector";s:66:".block-minicart .block-content .actions .secondary .viewcart:hover";s:5:"color";s:7:"#ffffff";s:10:"background";s:7:"#f0b250";s:6:"border";s:7:"#f0b250";}s:18:"_1460974852706_706";a:5:{s:5:"title";s:25:"Background Drop-down-menu";s:8:"selector";s:255:".magicmenu .nav-desktop .level0 .level-top-mega,.magicmenu .nav-desktop .level0.dropdown .hasChild ul, .magicmenu .nav-desktop .level0.dropdown .hasChild ul,.magicmenu .nav-desktop .level0.dropdown .level0,.magicmenu .nav-desktop .level0 .cms-static-pages";s:5:"color";s:0:"";s:10:"background";s:7:"#ffffff";s:6:"border";s:7:"#f0f0f0";}s:18:"_1460974853562_562";a:5:{s:5:"title";s:9:"Item-menu";s:8:"selector";s:42:".magicmenu .nav-desktop .level0 .level-top";s:5:"color";s:7:"#ffffff";s:10:"background";s:0:"";s:6:"border";s:0:"";}s:18:"_1460975123617_617";a:5:{s:5:"title";s:23:"Item-menu(hover,active)";s:8:"selector";s:228:".magicmenu .nav-desktop .level0.over a,.magicmenu .nav-desktop .level0.active a, .magicmenu .nav-desktop .level0.active a span.icon-text, .magicmenu .nav-desktop .level0 a:hover, .magicmenu .nav-desktop .level0 a.icon-text:hover";s:5:"color";s:7:"#ffffff";s:10:"background";s:16:"rgba(0, 0, 0, 0)";s:6:"border";s:0:"";}s:18:"_1460975135746_746";a:5:{s:5:"title";s:25:"Drop-down-menu-link-leve2";s:8:"selector";s:71:".magicmenu .nav-desktop .level0 .level-top-mega .children.level1 &gt; a";s:5:"color";s:7:"#333333";s:10:"background";s:0:"";s:6:"border";s:0:"";}s:18:"_1460975137282_282";a:5:{s:5:"title";s:25:"Drop-down-menu-link-leve3";s:8:"selector";s:156:".magicmenu .nav-desktop .level0 .level-top-mega .children a, .magicmenu .nav-desktop p,.magicmenu .nav-desktop .level0.home .level-top-mega a span.demo-home";s:5:"color";s:7:"#666666";s:10:"background";s:0:"";s:6:"border";s:0:"";}s:18:"_1460975138353_353";a:5:{s:5:"title";s:25:"Drop-down-menu-link-hover";s:8:"selector";s:141:".magicmenu .nav-desktop .level0 .level-top-mega .children a:hover,.magicmenu .nav-desktop .level0.home .level-top-mega a span.demo-home:hover";s:5:"color";s:7:"#333333";s:10:"background";s:0:"";s:6:"border";s:0:"";}s:18:"_1464964004159_159";a:5:{s:5:"title";s:12:"Bg Dropdown ";s:8:"selector";s:344:".magicmenu .nav-desktop .level0.dropdown .level1 a:hover, .vmagicmenu .vmagicmenu-narrow .level0.dropdown .level1 a:hover, .magicmenu .nav-desktop .level0.dropdown .cms-static-pages ul.list-page li a:hover, .magicmenu .nav-desktop .level0.dropdown .level1 .level2 a:hover, .vmagicmenu .vmagicmenu-narrow .level0.dropdown .level1 .level2 a:hover";s:5:"color";s:0:"";s:10:"background";s:7:"#f0f0f0";s:6:"border";s:0:"";}s:18:"_1464086829976_976";a:5:{s:5:"title";s:14:"Vmenu Title Bg";s:8:"selector";s:24:".vmagicmenu .block-title";s:5:"color";s:0:"";s:10:"background";s:7:"#333333";s:6:"border";s:0:"";}s:18:"_1464086831116_116";a:5:{s:5:"title";s:16:"Vmenu Title text";s:8:"selector";s:29:".vmagicmenu .block-title span";s:5:"color";s:7:"#ffffff";s:10:"background";s:0:"";s:6:"border";s:0:"";}s:18:"_1464086831981_981";a:5:{s:5:"title";s:16:"Vmenu content Bg";s:8:"selector";s:37:".vmagicmenu .block-vmagicmenu-content";s:5:"color";s:0:"";s:10:"background";s:7:"#ffffff";s:6:"border";s:0:"";}s:18:"_1464087166851_851";a:5:{s:5:"title";s:22:"Vmenu content level Bg";s:8:"selector";s:153:".vmagicmenu .level0 .level-top-mega, .vmagicmenu .vmagicmenu-narrow .level0.dropdown .level0,.vmagicmenu .vmagicmenu-narrow .level0.dropdown .hasChild ul";s:5:"color";s:0:"";s:10:"background";s:7:"#ffffff";s:6:"border";s:7:"#eaeaea";}s:18:"_1464322210869_869";a:5:{s:5:"title";s:11:"Vmenu level";s:8:"selector";s:83:".vmagicmenu .level0 .level-top, .vmagicmenu .block-vmagicmenu-content .all-cat span";s:5:"color";s:7:"#666666";s:10:"background";s:0:"";s:6:"border";s:0:"";}s:18:"_1464322209661_661";a:5:{s:5:"title";s:17:"Vmenu level hover";s:8:"selector";s:112:".vmagicmenu .level0:hover, .vmagicmenu .level0.active, .vmagicmenu .block-vmagicmenu-content .all-cat span:hover";s:5:"color";s:7:"#ffffff";s:10:"background";s:0:"";s:6:"border";s:7:"#333333";}s:18:"_1464322428239_239";a:5:{s:5:"title";s:19:"Vmenu level a hover";s:8:"selector";s:36:".vmagicmenu .level0:hover .level-top";s:5:"color";s:7:"#ffffff";s:10:"background";s:0:"";s:6:"border";s:0:"";}}]]></value>
    </config>
    <config>
      <path>alodesign/left/color</path>
      <value><![CDATA[a:1:{s:18:"_1461733216439_439";a:5:{s:5:"title";s:12:"Title filter";s:8:"selector";s:37:".filter-options .filter-options-title";s:5:"color";s:7:"#2a2a2a";s:10:"background";s:0:"";s:6:"border";s:0:"";}}]]></value>
    </config>
    <config>
      <path>alodesign/right/color</path>
      <value><![CDATA[a:1:{s:18:"_1461733250879_879";a:5:{s:5:"title";s:12:"Title filter";s:8:"selector";s:37:".filter-options .filter-options-title";s:5:"color";s:7:"#2a2a2a";s:10:"background";s:0:"";s:6:"border";s:0:"";}}]]></value>
    </config>
    <config>
      <path>alodesign/content/color</path>
      <value><![CDATA[a:21:{s:18:"_1461730970276_276";a:5:{s:5:"title";s:21:"Icon wishlist,compare";s:8:"selector";s:191:".item .actions-no .add-to-links a,.products-list .item .product-item-inner .add-to-links .action,.product-view .product-shop .product-social-links a, .product-add-form .product-social-links a";s:5:"color";s:7:"#707070";s:10:"background";s:7:"#ffffff";s:6:"border";s:7:"#e6e6e6";}s:18:"_1461731118212_212";a:5:{s:5:"title";s:28:"Icon(hover) wishlist,compare";s:8:"selector";s:215:".item .actions-no .add-to-links a:hover,.products-list .item .product-item-inner .add-to-links .action:hover,.product-view .product-shop .product-social-links a:hover, .product-add-form .product-social-links a:hover";s:5:"color";s:7:"#ffffff";s:10:"background";s:7:"#f0b250";s:6:"border";s:7:"#f0b250";}s:18:"_1464323173618_618";a:5:{s:5:"title";s:11:"Button cart";s:8:"selector";s:36:".item .actions-cart .button.btn-cart";s:5:"color";s:7:"#707070";s:10:"background";s:7:"#ffffff";s:6:"border";s:7:"#e6e6e6";}s:18:"_1464323172226_226";a:5:{s:5:"title";s:17:"Button cart hover";s:8:"selector";s:42:".item .actions-cart .button.btn-cart:hover";s:5:"color";s:7:"#ffffff";s:10:"background";s:7:"#f0b250";s:6:"border";s:7:"#f0b250";}s:18:"_1465014844614_614";a:5:{s:5:"title";s:26:"Button Cart Product Detail";s:8:"selector";s:40:".product-view .add-to-cart button.button";s:5:"color";s:7:"#ffffff";s:10:"background";s:7:"#1a1a1a";s:6:"border";s:7:"#1a1a1a";}s:18:"_1465014842992_992";a:5:{s:5:"title";s:32:"Button Cart Product Detail Hover";s:8:"selector";s:46:".product-view .add-to-cart button.button:hover";s:5:"color";s:7:"#ffffff";s:10:"background";s:7:"#1a1a1a";s:6:"border";s:7:"#1a1a1a";}s:18:"_1464964469457_457";a:5:{s:5:"title";s:11:"Tab Product";s:8:"selector";s:23:".magictabs .item .title";s:5:"color";s:7:"#616161";s:10:"background";s:0:"";s:6:"border";s:7:"#eaeaea";}s:18:"_1464964468223_223";a:5:{s:5:"title";s:17:"Tab Product Hover";s:8:"selector";s:64:".magictabs .item:hover .title, .magictabs .item.activated .title";s:5:"color";s:7:"#ffffff";s:10:"background";s:7:"#171717";s:6:"border";s:7:"#171717";}s:18:"_1461732155993_993";a:5:{s:5:"title";s:18:"Title product name";s:8:"selector";s:37:".product-item-name .product-item-link";s:5:"color";s:7:"#3f3f3f";s:10:"background";s:0:"";s:6:"border";s:0:"";}s:18:"_1461732172241_241";a:5:{s:5:"title";s:24:"Title product name hover";s:8:"selector";s:43:".product-item-name .product-item-link:hover";s:5:"color";s:7:"#f0b250";s:10:"background";s:0:"";s:6:"border";s:0:"";}s:17:"_1461732471049_49";a:5:{s:5:"title";s:18:"Toolbar modes mode";s:8:"selector";s:20:".toolbar .modes-mode";s:5:"color";s:7:"#bcbcbc";s:10:"background";s:0:"";s:6:"border";s:7:"#bcbcbc";}s:18:"_1461732472360_360";a:5:{s:5:"title";s:31:"Toolbar modes mode active,hover";s:8:"selector";s:55:".toolbar .modes-mode.active, .toolbar .modes-mode:hover";s:5:"color";s:7:"#2a2a2a";s:10:"background";s:7:"#ffffff";s:6:"border";s:7:"#bcbcbc";}s:18:"_1461744389557_557";a:5:{s:5:"title";s:10:"Policy box";s:8:"selector";s:24:".policy-box .box-content";s:5:"color";s:0:"";s:10:"background";s:7:"#ffffff";s:6:"border";s:0:"";}s:18:"_1465015059121_121";a:5:{s:5:"title";s:16:"Policy box hover";s:8:"selector";s:30:".policy-box .box-content:hover";s:5:"color";s:0:"";s:10:"background";s:7:"#f0b250";s:6:"border";s:0:"";}s:18:"_1461744449922_922";a:5:{s:5:"title";s:15:"Policy box Icon";s:8:"selector";s:25:".policy-box .icon-service";s:5:"color";s:7:"#4f4f4f";s:10:"background";s:7:"#ffffff";s:6:"border";s:0:"";}s:18:"_1465015085641_641";a:5:{s:5:"title";s:21:"Policy box Icon hover";s:8:"selector";s:44:".policy-box .box-content:hover .icon-service";s:5:"color";s:7:"#ffffff";s:10:"background";s:7:"#f0b250";s:6:"border";s:0:"";}s:18:"_1461744469700_700";a:5:{s:5:"title";s:12:"Policy title";s:8:"selector";s:43:".policy-box .service-content .info-title h3";s:5:"color";s:7:"#2a2a2a";s:10:"background";s:0:"";s:6:"border";s:0:"";}s:18:"_1461744513613_613";a:5:{s:5:"title";s:16:"Policy sub title";s:8:"selector";s:44:".policy-box .service-content .sub-title span";s:5:"color";s:7:"#747474";s:10:"background";s:0:"";s:6:"border";s:0:"";}s:17:"_1465015114093_93";a:5:{s:5:"title";s:22:"Policy title sub hover";s:8:"selector";s:127:".policy-box .box-content:hover .service-content .sub-title span, .policy-box .box-content:hover .service-content .info-title h3";s:5:"color";s:7:"#ffffff";s:10:"background";s:0:"";s:6:"border";s:0:"";}s:18:"_1464323491480_480";a:5:{s:5:"title";s:12:"Button slick";s:8:"selector";s:24:".slick-prev, .slick-next";s:5:"color";s:7:"#707070";s:10:"background";s:7:"#ffffff";s:6:"border";s:7:"#ffffff";}s:18:"_1464323532801_801";a:5:{s:5:"title";s:18:"Button slick hover";s:8:"selector";s:36:".slick-prev:hover, .slick-next:hover";s:5:"color";s:7:"#ffffff";s:10:"background";s:7:"#f0b250";s:6:"border";s:7:"#ffffff";}}]]></value>
    </config>
    <config>
      <path>alodesign/footer/color</path>
      <value><![CDATA[a:20:{s:18:"_1460975745240_240";a:5:{s:5:"title";s:4:"Link";s:8:"selector";s:89:".footer-item .box-content .content .info, .footer-item .box-content .content .link-list a";s:5:"color";s:7:"#959595";s:10:"background";s:0:"";s:6:"border";s:0:"";}s:18:"_1460975746527_527";a:5:{s:5:"title";s:10:"Link-hover";s:8:"selector";s:53:".footer-item .box-content .content .link-list a:hover";s:5:"color";s:7:"#ffffff";s:10:"background";s:0:"";s:6:"border";s:0:"";}s:18:"_1463987329739_739";a:5:{s:5:"title";s:10:"Title Name";s:8:"selector";s:50:".footer-item .title,.social-feed .section-title h4";s:5:"color";s:7:"#ffffff";s:10:"background";s:0:"";s:6:"border";s:0:"";}s:18:"_1460975747568_568";a:5:{s:5:"title";s:14:"Background Top";s:8:"selector";s:30:".page-footer .block-footer-top";s:5:"color";s:0:"";s:10:"background";s:7:"#ffffff";s:6:"border";s:7:"#eaeaea";}s:18:"_1460975750427_427";a:5:{s:5:"title";s:17:"Background Bottom";s:8:"selector";s:33:".page-footer .block-footer-bottom";s:5:"color";s:0:"";s:10:"background";s:7:"#262626";s:6:"border";s:16:"rgba(0, 0, 0, 0)";}s:17:"_1464709557043_43";a:5:{s:5:"title";s:22:"Background Bottom Main";s:8:"selector";s:23:".cms-static-main-footer";s:5:"color";s:0:"";s:10:"background";s:0:"";s:6:"border";s:7:"#333333";}s:18:"_1460975759167_167";a:5:{s:5:"title";s:4:"Text";s:8:"selector";s:27:".page-footer .collapsible p";s:5:"color";s:7:"#999999";s:10:"background";s:0:"";s:6:"border";s:0:"";}s:18:"_1464712405210_210";a:5:{s:5:"title";s:13:"Icon Contacts";s:8:"selector";s:40:".footer-item .box-content .content .icon";s:5:"color";s:7:"#a6a6a6";s:10:"background";s:0:"";s:6:"border";s:0:"";}s:18:"_1460975760848_848";a:5:{s:5:"title";s:6:"Social";s:8:"selector";s:25:".link-social .link-icon a";s:5:"color";s:7:"#cecece";s:10:"background";s:0:"";s:6:"border";s:7:"#ebebeb";}s:18:"_1460975762839_839";a:5:{s:5:"title";s:12:"Social Hover";s:8:"selector";s:31:".link-social .link-icon a:hover";s:5:"color";s:7:"#ffffff";s:10:"background";s:7:"#f0b250";s:6:"border";s:7:"#f0b250";}s:17:"_1460975764064_64";a:5:{s:5:"title";s:14:"Subscribe Text";s:8:"selector";s:45:".footer .collapsible .form-subscribe-header p";s:5:"color";s:7:"#333333";s:10:"background";s:0:"";s:6:"border";s:0:"";}s:17:"_1460975765095_95";a:5:{s:5:"title";s:15:"Subscribe input";s:8:"selector";s:33:".block-subscribe input.input-text";s:5:"color";s:7:"#888888";s:10:"background";s:7:"#ffffff";s:6:"border";s:7:"#eaeaea";}s:18:"_1460975766584_584";a:5:{s:5:"title";s:16:"Subscribe Button";s:8:"selector";s:39:".block-subscribe .actions button.button";s:5:"color";s:7:"#ffffff";s:10:"background";s:7:"#717171";s:6:"border";s:7:"#717171";}s:18:"_1460975767584_584";a:5:{s:5:"title";s:22:"Subscribe Button Hover";s:8:"selector";s:45:".block-subscribe .actions button.button:hover";s:5:"color";s:7:"#ffffff";s:10:"background";s:7:"#f0b250";s:6:"border";s:7:"#f0b250";}s:17:"_1460976338029_29";a:5:{s:5:"title";s:14:"Copyright Text";s:8:"selector";s:33:".footer-copyright .copyright span";s:5:"color";s:7:"#a3a3a3";s:10:"background";s:0:"";s:6:"border";s:0:"";}s:17:"_1460976339045_45";a:5:{s:5:"title";s:23:"Copyright  Links active";s:8:"selector";s:36:".footer-copyright .copyright .active";s:5:"color";s:7:"#ffffff";s:10:"background";s:0:"";s:6:"border";s:0:"";}s:18:"_1460976413138_138";a:5:{s:5:"title";s:22:"Copyright  Links Hover";s:8:"selector";s:46:".block-footer-copyright .footer .links a:hover";s:5:"color";s:7:"#ff5555";s:10:"background";s:0:"";s:6:"border";s:0:"";}s:18:"_1461745578874_874";a:5:{s:5:"title";s:9:"Backtotop";s:8:"selector";s:10:"#backtotop";s:5:"color";s:7:"#ffffff";s:10:"background";s:7:"#ffffff";s:6:"border";s:7:"#f0b250";}s:18:"_1461745619738_738";a:5:{s:5:"title";s:15:"Backtotop hover";s:8:"selector";s:16:"#backtotop:hover";s:5:"color";s:7:"#ffffff";s:10:"background";s:7:"#ffffff";s:6:"border";s:7:"#f0b250";}s:18:"_1487899833775_775";a:5:{s:5:"title";s:9:"Backtotop";s:8:"selector";s:14:"#backtotop .fa";s:5:"color";s:0:"";s:10:"background";s:7:"#f0b250";s:6:"border";s:0:"";}}]]></value>
    </config>
    <config>
      <path>alosocial/instagram/username</path>
      <value><![CDATA[tonyle989]]></value>
    </config>
    <config>
      <path>alosocial/instagram/limit</path>
      <value><![CDATA[6]]></value>
    </config>
    <config>
      <path>alosocial/pinterest/limit</path>
      <value><![CDATA[6]]></value>
    </config>
    <config>
      <path>alosocial/flickr/limit</path>
      <value><![CDATA[6]]></value>
    </config>
    <config>
      <path>alosocial/picasa/limit</path>
      <value><![CDATA[6]]></value>
    </config>
    <config>
      <path>magicmenu/general/dropdown</path>
      <value><![CDATA[4]]></value>
    </config>
    <config>
      <path>magicmenu/topmenu/notIncludeNav</path>
      <value><![CDATA[]]></value>
    </config>
    <config>
      <path>magicmenu/vmenu/enabled</path>
      <value><![CDATA[0]]></value>
    </config>
    <config>
      <path>magicmenu/vmenu/notIncludeNav</path>
      <value><![CDATA[]]></value>
    </config>
    <config>
      <path>magicmenu/vmenu/demo</path>
      <value><![CDATA[0]]></value>
    </config>
    <config>
      <path>shopbrand/general/title</path>
      <value><![CDATA[]]></value>
    </config>
    <config>
      <path>shopbrand/general/landscape</path>
      <value><![CDATA[2]]></value>
    </config>
    <config>
      <path>shopbrand/general/tablet</path>
      <value><![CDATA[3]]></value>
    </config>
    <config>
      <path>shopbrand/general/notebook</path>
      <value><![CDATA[4]]></value>
    </config>
    <config>
      <path>shopbrand/general/visible</path>
      <value><![CDATA[5]]></value>
    </config>
    <config>
      <path>shopbrand/general/arrows</path>
      <value><![CDATA[true]]></value>
    </config>
    <config>
      <path>testimonial/general/portrait</path>
      <value><![CDATA[1]]></value>
    </config>
    <config>
      <path>testimonial/general/landscape</path>
      <value><![CDATA[1]]></value>
    </config>
    <config>
      <path>testimonial/general/tablet</path>
      <value><![CDATA[1]]></value>
    </config>
    <config>
      <path>testimonial/general/notebook</path>
      <value><![CDATA[1]]></value>
    </config>
    <config>
      <path>testimonial/general/desktop</path>
      <value><![CDATA[1]]></value>
    </config>
    <config>
      <path>testimonial/general/visible</path>
      <value><![CDATA[1]]></value>
    </config>
    <config>
      <path>testimonial/general/arrows</path>
      <value><![CDATA[true]]></value>
    </config>
    <config>
      <path>web/default/front</path>
      <value>cms</value>
    </config>
    <config>
      <path>web/default/cms_home_page</path>
      <value>home6</value>
    </config>
    <config>
      <path>web/default/cms_no_route</path>
      <value>no-route</value>
    </config>
  </system>
  <theme>Alothemes/bencher6</theme>
</root>
