<?xml version="1.0" encoding="UTF-8"?>
<root>
  <page>
    <item>
      <title><![CDATA[404 Not Found]]></title>
      <page_layout><![CDATA[1column]]></page_layout>
      <identifier><![CDATA[not-found]]></identifier>
      <content_heading><![CDATA[]]></content_heading>
      <content><![CDATA[<div class="page-404">
<div class="title-page">
<h3>404</h3>
</div>
<p class="found">This is not the web page you are looking for</p>
<p class="text-scribe">please try one of the following pages</p>
<p class="back-home"><a href="{{store url=""}}">Home page</a></p>
<div class="search-404">{{block class="Magento\Framework\View\Element\Template" name="top.search" as="topSearch" template="Magento_Search::form.mini.phtml"}}</div>
</div>
]]></content>
      <layout_update_xml><![CDATA[]]></layout_update_xml>
      <is_active><![CDATA[1]]></is_active>
    </item>
    <item>
      <title><![CDATA[Home page]]></title>
      <page_layout><![CDATA[1column]]></page_layout>
      <identifier><![CDATA[home]]></identifier>
      <content_heading><![CDATA[]]></content_heading>
      <content><![CDATA[<div class="content-1-trendy-product">
<h3 class="product-title">
     <span>the trendy products</span>
</h3>
{{widget type="Magiccart\Magicproduct\Block\Widget\Product" identifier="trendy-product" template="product.phtml"}}
</div>
]]></content>
      <layout_update_xml><![CDATA[<!-- Slide showcase-->
<referenceContainer name="slide.showcase">
			<block class="Magento\Cms\Block\Block" name="slide">
				<arguments>
					<argument name="block_id" xsi:type="string">home-slide1</argument>
				</arguments>
			</block>
</referenceContainer>
<!-- alo main collection-->
<referenceContainer name="alo.collection">
<block class="Magento\Cms\Block\Block" name="main-collection">
                    <arguments>
                        <argument name="block_id" xsi:type="string">main-collection</argument>
                    </arguments>
                </block>
</referenceContainer>
<!-- alo.sectionsbottom -->
<referenceContainer name="alo.sectionsbottom">
	<block class="Magento\Cms\Block\Block" name="testimonials">
		<arguments>
			<argument name="block_id" xsi:type="string">cms-static-testimonials</argument>
		</arguments>
	</block>
	<block class="Magento\Cms\Block\Block" name="cms-static-mix-custom-product">
		<arguments>
			<argument name="block_id" xsi:type="string">cms-static-mix-custom-product</argument>
		</arguments>
	</block>
	<block class="Magento\Cms\Block\Block" name="cms-static-blog">
		<arguments>
			<argument name="block_id" xsi:type="string">cms-static-blog</argument>
		</arguments>
	</block>
	<block class="Magento\Cms\Block\Block" name="cms-static-policy">
		<arguments>
			<argument name="block_id" xsi:type="string">cms-static-policy</argument>
		</arguments>
	</block>
</referenceContainer>]]></layout_update_xml>
      <is_active><![CDATA[1]]></is_active>
    </item>
    <item>
      <title><![CDATA[Enable Cookies]]></title>
      <page_layout><![CDATA[1column]]></page_layout>
      <identifier><![CDATA[enable-cookies]]></identifier>
      <content_heading><![CDATA[What are Cookies?]]></content_heading>
      <content><![CDATA[<div class="enable-cookies cms-content">
<p>"Cookies" are little pieces of data we send when you visit our store. Cookies help us get to know you better and personalize your experience. Plus they help protect you and other shoppers from fraud.</p>
<p style="margin-bottom: 20px;">Set your browser to accept cookies so you can buy items, save items, and receive customized recommendations. Here’s how:</p>
<ul>
<li><a href="https://support.google.com/accounts/answer/61416?hl=en" target="_blank">Google Chrome</a></li>
<li><a href="http://windows.microsoft.com/en-us/internet-explorer/delete-manage-cookies" target="_blank">Internet Explorer</a></li>
<li><a href="http://support.apple.com/kb/PH19214" target="_blank">Safari</a></li>
<li><a href="https://support.mozilla.org/en-US/kb/enable-and-disable-cookies-website-preferences" target="_blank">Mozilla/Firefox</a></li>
</ul>
</div>]]></content>
      <layout_update_xml><![CDATA[]]></layout_update_xml>
      <is_active><![CDATA[1]]></is_active>
    </item>
    <item>
      <title><![CDATA[Privacy and Cookie Policy]]></title>
      <page_layout><![CDATA[1column]]></page_layout>
      <identifier><![CDATA[privacy-policy-cookie-restriction-mode]]></identifier>
      <content_heading><![CDATA[Privacy and Cookie Policy]]></content_heading>
      <content><![CDATA[<div class="privacy-policy cms-content">
    <div class="message info">
        <span>
            Please replace this text with you Privacy Policy.
            Please add any additional cookies your website uses below (e.g. Google Analytics).
        </span>
    </div>
    <p>
        This privacy policy sets out how this website (hereafter "the Store") uses and protects any information that
        you give the Store while using this website. The Store is committed to ensuring that your privacy is protected.
        Should we ask you to provide certain information by which you can be identified when using this website, then
        you can be assured that it will only be used in accordance with this privacy statement. The Store may change
        this policy from time to time by updating this page. You should check this page from time to time to ensure
        that you are happy with any changes.
    </p>
    <h2>What we collect</h2>
    <p>We may collect the following information:</p>
    <ul>
        <li>name</li>
        <li>contact information including email address</li>
        <li>demographic information such as postcode, preferences and interests</li>
        <li>other information relevant to customer surveys and/or offers</li>
    </ul>
    <p>
        For the exhaustive list of cookies we collect see the <a href="#list">List of cookies we collect</a> section.
    </p>
    <h2>What we do with the information we gather</h2>
    <p>
        We require this information to understand your needs and provide you with a better service,
        and in particular for the following reasons:
    </p>
    <ul>
        <li>Internal record keeping.</li>
        <li>We may use the information to improve our products and services.</li>
        <li>
            We may periodically send promotional emails about new products, special offers or other information which we
            think you may find interesting using the email address which you have provided.
        </li>
        <li>
            From time to time, we may also use your information to contact you for market research purposes.
            We may contact you by email, phone, fax or mail. We may use the information to customise the website
            according to your interests.
        </li>
    </ul>
    <h2>Security</h2>
    <p>
        We are committed to ensuring that your information is secure. In order to prevent unauthorised access or
        disclosure, we have put in place suitable physical, electronic and managerial procedures to safeguard and
        secure the information we collect online.
    </p>
    <h2>How we use cookies</h2>
    <p>
        A cookie is a small file which asks permission to be placed on your computer's hard drive.
        Once you agree, the file is added and the cookie helps analyse web traffic or lets you know when you visit
        a particular site. Cookies allow web applications to respond to you as an individual. The web application
        can tailor its operations to your needs, likes and dislikes by gathering and remembering information about
        your preferences.
    </p>
    <p>
        We use traffic log cookies to identify which pages are being used. This helps us analyse data about web page
        traffic and improve our website in order to tailor it to customer needs. We only use this information for
        statistical analysis purposes and then the data is removed from the system.
    </p>
    <p>
        Overall, cookies help us provide you with a better website, by enabling us to monitor which pages you find
        useful and which you do not. A cookie in no way gives us access to your computer or any information about you,
        other than the data you choose to share with us. You can choose to accept or decline cookies.
        Most web browsers automatically accept cookies, but you can usually modify your browser setting
        to decline cookies if you prefer. This may prevent you from taking full advantage of the website.
    </p>
    <h2>Links to other websites</h2>
    <p>
        Our website may contain links to other websites of interest. However, once you have used these links
        to leave our site, you should note that we do not have any control over that other website.
        Therefore, we cannot be responsible for the protection and privacy of any information which you provide whilst
        visiting such sites and such sites are not governed by this privacy statement.
        You should exercise caution and look at the privacy statement applicable to the website in question.
    </p>
    <h2>Controlling your personal information</h2>
    <p>You may choose to restrict the collection or use of your personal information in the following ways:</p>
    <ul>
        <li>
            whenever you are asked to fill in a form on the website, look for the box that you can click to indicate
            that you do not want the information to be used by anybody for direct marketing purposes
        </li>
        <li>
            if you have previously agreed to us using your personal information for direct marketing purposes,
            you may change your mind at any time by letting us know using our Contact Us information
        </li>
    </ul>
    <p>
        We will not sell, distribute or lease your personal information to third parties unless we have your permission
        or are required by law to do so. We may use your personal information to send you promotional information
        about third parties which we think you may find interesting if you tell us that you wish this to happen.
    </p>
    <p>
        You may request details of personal information which we hold about you under the Data Protection Act 1998.
        A small fee will be payable. If you would like a copy of the information held on you please email us this
        request using our Contact Us information.
    </p>
    <p>
        If you believe that any information we are holding on you is incorrect or incomplete,
        please write to or email us as soon as possible, at the above address.
        We will promptly correct any information found to be incorrect.
    </p>
    <h2><a name="list"></a>List of cookies we collect</h2>
    <p>The table below lists the cookies we collect and what information they store.</p>
    <table class="data-table">
        <thead>
            <tr>
                <th>COOKIE name</th>
                <th>COOKIE Description</th>
            </tr>
        </thead>
        <tbody>
            <tr>
                <th>CART</th>
                <td>The association with your shopping cart.</td>
            </tr>
            <tr>
                <th>CATEGORY_INFO</th>
                <td>Stores the category info on the page, that allows to display pages more quickly.</td>
            </tr>
            <tr>
                <th>COMPARE</th>
                <td>The items that you have in the Compare Products list.</td>
            </tr>
            <tr>
                <th>CUSTOMER</th>
                <td>An encrypted version of your customer id with the store.</td>
            </tr>
            <tr>
                <th>CUSTOMER_AUTH</th>
                <td>An indicator if you are currently logged into the store.</td>
            </tr>
            <tr>
                <th>CUSTOMER_INFO</th>
                <td>An encrypted version of the customer group you belong to.</td>
            </tr>
            <tr>
                <th>CUSTOMER_SEGMENT_IDS</th>
                <td>Stores the Customer Segment ID</td>
            </tr>
            <tr>
                <th>EXTERNAL_NO_CACHE</th>
                <td>A flag, which indicates whether caching is disabled or not.</td>
            </tr>
            <tr>
                <th>FORM_KEY</th>
                <td>Stores form key used by page cache functionality.</td>
            </tr>
            <tr>
                <th>FRONTEND</th>
                <td>Your session ID on the server.</td>
            </tr>
            <tr>
                <th>GUEST-VIEW</th>
                <td>Allows guests to edit their orders.</td>
            </tr>
            <tr>
                <th>LAST_CATEGORY</th>
                <td>The last category you visited.</td>
            </tr>
            <tr>
                <th>LAST_PRODUCT</th>
                <td>The most recent product you have viewed.</td>
            </tr>
            <tr>
                <th>NEWMESSAGE</th>
                <td>Indicates whether a new message has been received.</td>
            </tr>
            <tr>
                <th>NO_CACHE</th>
                <td>Indicates whether it is allowed to use cache.</td>
            </tr>
            <tr>
                <th>PERSISTENT_SHOPPING_CART</th>
                <td>A link to information about your cart and viewing history if you have asked the site.</td>
            </tr>
            <tr>
                <th>RECENTLYCOMPARED</th>
                <td>The items that you have recently compared.</td>
            </tr>
            <tr>
                <th>STF</th>
                <td>Information on products you have emailed to friends.</td>
            </tr>
            <tr>
                <th>STORE</th>
                <td>The store view or language you have selected.</td>
            </tr>
            <tr>
                <th>USER_ALLOWED_SAVE_COOKIE</th>
                <td>Indicates whether a customer allowed to use cookies.</td>
            </tr>
            <tr>
                <th>VIEWED_PRODUCT_IDS</th>
                <td>The products that you have recently viewed.</td>
            </tr>
            <tr>
                <th>WISHLIST</th>
                <td>An encrypted list of products added to your Wish List.</td>
            </tr>
            <tr>
                <th>WISHLIST_CNT</th>
                <td>The number of items in your Wish List.</td>
            </tr>
        </tbody>
    </table>
</div>]]></content>
      <layout_update_xml><![CDATA[]]></layout_update_xml>
      <is_active><![CDATA[1]]></is_active>
    </item>
    <item>
      <title><![CDATA[About Us]]></title>
      <page_layout><![CDATA[1column]]></page_layout>
      <identifier><![CDATA[about-us]]></identifier>
      <content_heading><![CDATA[]]></content_heading>
      <content><![CDATA[<div id="cms-page-about-us" class="cms-page-about-us about-us">
<h3 class="subpage-title product-title"><span>About us</span></h3>
<div class="page-content">
<div class="row introduct">
<div class="col-lg-6 col-md-6 subcribe">
<p>Lorem ipsum dolor sit amet, consectetuer adipiscing elit, sed diam nonummy nibh euismod tincidunt ut laoreet dolore magna aliquam erat volutpat. Ut wisi enim ad minim veniam, quis nostrud exerci tation ullamcorper suscipit lobortis nisl ut aliquip ex ea commodo consequat. Duis autem vel eum iriure dolor in hendrerit in vulputate velit esse molestie consequat, vel illum dolore eu feugiat nulla facilisis at vero eros et accumsan et iusto odio dignissim qui blandit praesent luptatum zzril delenit augue duis dolore te feugait nulla facilisi.</p>
<p>Nam liber tempor cum soluta nobis eleifend option congue nihil imperdiet doming id quod mazim placerat facer possim assum. Typi non habent claritatem insitam; est usus legentis in iis qui facit eorum claritatem. Investigationes demonstraverunt lectores legere me lius quod ii legunt saepius. Claritas est etiam processus dynamicus, qui sequitur mutationem consuetudium lectorum. Mirum est notare quam littera gothica, quam nunc putamus parum claram, anteposuerit litterarum formas humanitatis per seacula quarta decima et quinta decima. Eodem modo typi, qui nunc nobis videntur parum clari, fiant sollemnes in futurum.</p>
</div>
<div class="col-lg-6 col-md-6 img-sub"><img class="img-responsive" alt="" src="{{media url="wysiwyg/alothemes/cms/img-about-us.jpg"}}" /></div>
</div>
<div class="row our-team">
<h3 class="our-title product-title"><span>Meet our team</span></h3>
<div class="col-lg-3 col-md-3 col-sm-6 col-xs-6 personal first">
<div class="img"><img class="img-responsive" alt="" src="{{media url="wysiwyg/alothemes/cms/person1.jpg"}}" /></div>
<div class="info">
<h3 class="name">Jackson lee</h3>
<p class="job">Designer</p>
<div class="link-social info-ext">
<ul class="link-list">
<li class="link-icon"><a class="fa fa-facebook" title="facebook" href="#"><span class="hidden">hidden</span></a></li>
<li class="link-icon"><a class="fa fa-twitter" title="twitter" href="#"><span class="hidden">hidden</span></a></li>
<li class="link-icon"><a class="fa fa-linkedin" title="linkedin" href="#"><span class="hidden">hidden</span></a></li>
<li class="link-icon"><a class="fa fa-rss" title="rss" href="#"><span class="hidden">hidden</span></a></li>
<li class="link-icon"><a class="fa fa-dribbble" title="dribbble" href="#"><span class="hidden">hidden</span></a></li>
</ul>
</div>
</div>
</div>
<div class="col-lg-3 col-md-3 col-sm-6 col-xs-6 personal second">
<div class="img"><img class="img-responsive" alt="" src="{{media url="wysiwyg/alothemes/cms/person2.jpg"}}" /></div>
<div class="info">
<h3 class="name">Johny lee</h3>
<p class="job">Developer</p>
<div class="link-social info-ext">
<ul class="link-list">
<li class="link-icon"><a class="fa fa-facebook" title="facebook" href="#"><span class="hidden">hidden</span></a></li>
<li class="link-icon"><a class="fa fa-twitter" title="twitter" href="#"><span class="hidden">hidden</span></a></li>
<li class="link-icon"><a class="fa fa-linkedin" title="linkedin" href="#"><span class="hidden">hidden</span></a></li>
<li class="link-icon"><a class="fa fa-rss" title="rss" href="#"><span class="hidden">hidden</span></a></li>
<li class="link-icon"><a class="fa fa-dribbble" title="dribbble" href="#"><span class="hidden">hidden</span></a></li>
</ul>
</div>
</div>
</div>
<div class="col-lg-3 col-md-3 col-sm-6 col-xs-6  personal">
<div class="img"><img class="img-responsive" alt="" src="{{media url="wysiwyg/alothemes/cms/person3.jpg"}}" /></div>
<div class="info">
<h3 class="name">Asami loyer</h3>
<p class="job">Model</p>
<div class="link-social info-ext">
<ul class="link-list">
<li class="link-icon"><a class="fa fa-facebook" title="facebook" href="#"><span class="hidden">hidden</span></a></li>
<li class="link-icon"><a class="fa fa-twitter" title="twitter" href="#"><span class="hidden">hidden</span></a></li>
<li class="link-icon"><a class="fa fa-linkedin" title="linkedin" href="#"><span class="hidden">hidden</span></a></li>
<li class="link-icon"><a class="fa fa-rss" title="rss" href="#"><span class="hidden">hidden</span></a></li>
<li class="link-icon"><a class="fa fa-dribbble" title="dribbble" href="#"><span class="hidden">hidden</span></a></li>
</ul>
</div>
</div>
</div>
<div class="col-lg-3 col-md-3 col-sm-6 col-xs-6 personal">
<div class="img"><img class="img-responsive" alt="" src="{{media url="wysiwyg/alothemes/cms/person4.jpg"}}" /></div>
<div class="info">
<h3 class="name">Black kee</h3>
<p class="job">Photographer</p>
<div class="link-social info-ext">
<ul class="link-list">
<li class="link-icon"><a class="fa fa-facebook" title="facebook" href="#"><span class="hidden">hidden</span></a></li>
<li class="link-icon"><a class="fa fa-twitter" title="twitter" href="#"><span class="hidden">hidden</span></a></li>
<li class="link-icon"><a class="fa fa-linkedin" title="linkedin" href="#"><span class="hidden">hidden</span></a></li>
<li class="link-icon"><a class="fa fa-rss" title="rss" href="#"><span class="hidden">hidden</span></a></li>
<li class="link-icon"><a class="fa fa-dribbble" title="dribbble" href="#"><span class="hidden">hidden</span></a></li>
</ul>
</div>
</div>
</div>
</div>
</div>
</div>]]></content>
      <layout_update_xml><![CDATA[]]></layout_update_xml>
      <is_active><![CDATA[1]]></is_active>
    </item>
    <item>
      <title><![CDATA[Portfolio]]></title>
      <page_layout><![CDATA[1column]]></page_layout>
      <identifier><![CDATA[portfolio]]></identifier>
      <content_heading><![CDATA[]]></content_heading>
      <content><![CDATA[<div id="cms-page-portfolio" class="cms-page-portfolio portfolio magicproduct">
<div class="block-title-tabs">
<ul class="magictabs nav nav-tabs" role="tablist">
<li class="item active" role="presentation"><a class="title" role="tab" href="#all" data-toggle="tab">All work</a></li>
<li class="item" role="presentation"><a class="title" role="tab" href="#entertainment" data-toggle="tab">Entertainment</a></li>
<li class="item" role="presentation"><a class="title" role="tab" href="#news" data-toggle="tab">Company news</a></li>
<li class="item" role="presentation"><a class="title" role="tab" href="#hipster" data-toggle="tab">Hipster content</a></li>
</ul>
</div>
<div class="portfolio-content tab-content">
<div id="all" class="tab-pane active" role="tabpanel">
<div class="row">
<div class="col-lg-4 col-md-4 col-sm-4 col-xs-6 postfolio-item">
<div class="portfolio-hover"><a href="#"><img class="img-responsive" alt="" src="{{media url="wysiwyg/alothemes/portfolio/portfolio1.jpg"}}" /></a>
<div class="portfolio-action"><a class="portfolio-view fa fa-search" href="#"><i class="hidden">hidden</i></a> <a class="portfolio-link fa fa-link" href="#"><i class="hidden">hidden</i></a></div>
</div>
<div class="portfolio-text">
<p>Fashion, Design</p>
<h3 class="time"><a href="#">Project for summer</a></h3>
</div>
</div>
<div class="col-lg-4 col-md-4 col-sm-4 col-xs-6 postfolio-item">
<div class="portfolio-hover"><a href="#"><img class="img-responsive" alt="" src="{{media url="wysiwyg/alothemes/portfolio/portfolio2.jpg"}}" /></a>
<div class="portfolio-action"><a class="portfolio-view fa fa-search" href="#"><i class="hidden">hidden</i></a> <a class="portfolio-link fa fa-link" href="#"><i class="hidden">hidden</i></a></div>
</div>
<div class="portfolio-text">
<p>Fashion, Design</p>
<h3 class="time"><a href="#">Project for summer</a></h3>
</div>
</div>
<div class="col-lg-4 col-md-4 col-sm-4 col-xs-6 postfolio-item">
<div class="portfolio-hover"><a href="#"><img class="img-responsive" alt="" src="{{media url="wysiwyg/alothemes/portfolio/portfolio3.jpg"}}" /></a>
<div class="portfolio-action"><a class="portfolio-view fa fa-search" href="#"><i class="hidden">hidden</i></a> <a class="portfolio-link fa fa-link" href="#"><i class="hidden">hidden</i></a></div>
</div>
<div class="portfolio-text">
<p>Fashion, Design</p>
<h3 class="time"><a href="#">Project for summer</a></h3>
</div>
</div>
<div class="col-lg-4 col-md-4 col-sm-4 col-xs-6 postfolio-item">
<div class="portfolio-hover"><a href="#"><img class="img-responsive" alt="" src="{{media url="wysiwyg/alothemes/portfolio/portfolio4.jpg"}}" /></a>
<div class="portfolio-action"><a class="portfolio-view fa fa-search" href="#"><i class="hidden">hidden</i></a> <a class="portfolio-link fa fa-link" href="#"><i class="hidden">hidden</i></a></div>
</div>
<div class="portfolio-text">
<p>Fashion, Design</p>
<h3 class="time"><a href="#">Project for summer</a></h3>
</div>
</div>
<div class="col-lg-4 col-md-4 col-sm-4 col-xs-6 postfolio-item">
<div class="portfolio-hover"><a href="#"><img class="img-responsive" alt="" src="{{media url="wysiwyg/alothemes/portfolio/portfolio5.jpg"}}" /></a>
<div class="portfolio-action"><a class="portfolio-view fa fa-search" href="#"><i class="hidden">hidden</i></a> <a class="portfolio-link fa fa-link" href="#"><i class="hidden">hidden</i></a></div>
</div>
<div class="portfolio-text">
<p>Fashion, Design</p>
<h3 class="time"><a href="#">Project for summer</a></h3>
</div>
</div>
<div class="col-lg-4 col-md-4 col-sm-4 col-xs-6 postfolio-item">
<div class="portfolio-hover"><a href="#"><img class="img-responsive" alt="" src="{{media url="wysiwyg/alothemes/portfolio/portfolio6.jpg"}}" /></a>
<div class="portfolio-action"><a class="portfolio-view fa fa-search" href="#"><i class="hidden">hidden</i></a> <a class="portfolio-link fa fa-link" href="#"><i class="hidden">hidden</i></a></div>
</div>
<div class="portfolio-text">
<p>Fashion, Design</p>
<h3 class="time"><a href="#">Project for summer</a></h3>
</div>
</div>
<div class="col-lg-4 col-md-4 col-sm-4 col-xs-6 postfolio-item">
<div class="portfolio-hover"><a href="#"><img class="img-responsive" alt="" src="{{media url="wysiwyg/alothemes/portfolio/portfolio7.jpg"}}" /></a>
<div class="portfolio-action"><a class="portfolio-view fa fa-search" href="#"><i class="hidden">hidden</i></a> <a class="portfolio-link fa fa-link" href="#"><i class="hidden">hidden</i></a></div>
</div>
<div class="portfolio-text">
<p>Fashion, Design</p>
<h3 class="time"><a href="#">Project for summer</a></h3>
</div>
</div>
<div class="col-lg-4 col-md-4 col-sm-4 col-xs-6 postfolio-item">
<div class="portfolio-hover"><a href="#"><img class="img-responsive" alt="" src="{{media url="wysiwyg/alothemes/portfolio/portfolio8.jpg"}}" /></a>
<div class="portfolio-action"><a class="portfolio-view fa fa-search" href="#"><i class="hidden">hidden</i></a> <a class="portfolio-link fa fa-link" href="#"><i class="hidden">hidden</i></a></div>
</div>
<div class="portfolio-text">
<p>Fashion, Design</p>
<h3 class="time"><a href="#">Project for summer</a></h3>
</div>
</div>
<div class="col-lg-4 col-md-4 col-sm-4 col-xs-6 postfolio-item">
<div class="portfolio-hover"><a href="#"><img class="img-responsive" alt="" src="{{media url="wysiwyg/alothemes/portfolio/portfolio9.jpg"}}" /></a>
<div class="portfolio-action"><a class="portfolio-view fa fa-search" href="#"><i class="hidden">hidden</i></a> <a class="portfolio-link fa fa-link" href="#"><i class="hidden">hidden</i></a></div>
</div>
<div class="portfolio-text">
<p>Fashion, Design</p>
<h3 class="time"><a href="#">Project for summer</a></h3>
</div>
</div>
</div>
</div>
<div id="entertainment" class="tab-pane" role="tabpanel">
<div class="row">
<div class="col-lg-4 col-md-4 col-sm-4 col-xs-6 postfolio-item">
<div class="portfolio-hover"><a href="#"><img class="img-responsive" alt="" src="{{media url="wysiwyg/alothemes/portfolio/portfolio4.jpg"}}" /></a>
<div class="portfolio-action"><a class="portfolio-view fa fa-search" href="#"><i class="hidden">hidden</i></a> <a class="portfolio-link fa fa-link" href="#"><i class="hidden">hidden</i></a></div>
</div>
<div class="portfolio-text">
<p>Fashion, Design</p>
<h3 class="time"><a href="#">Project for summer</a></h3>
</div>
</div>
</div>
</div>
<div id="news" class="tab-pane" role="tabpanel">
<div class="row">
<div class="col-lg-4 col-md-4 col-sm-4 col-xs-6 postfolio-item">
<div class="portfolio-hover"><a href="#"><img class="img-responsive" alt="" src="{{media url="wysiwyg/alothemes/portfolio/portfolio5.jpg"}}" /></a>
<div class="portfolio-action"><a class="portfolio-view fa fa-search" href="#"><i class="hidden">hidden</i></a> <a class="portfolio-link fa fa-link" href="#"><i class="hidden">hidden</i></a></div>
</div>
<div class="portfolio-text">
<p>Fashion, Design</p>
<h3 class="time"><a href="#">Project for summer</a></h3>
</div>
</div>
</div>
</div>
<div id="hipster" class="tab-pane" role="tabpanel">
<div class="row">
<div class="col-lg-4 col-md-4 col-sm-4 col-xs-6 postfolio-item">
<div class="portfolio-hover"><a href="#"><img class="img-responsive" alt="" src="{{media url="wysiwyg/alothemes/portfolio/portfolio6.jpg"}}" /></a>
<div class="portfolio-action"><a class="portfolio-view fa fa-search" href="#"><i class="hidden">hidden</i></a> <a class="portfolio-link fa fa-link" href="#"><i class="hidden">hidden</i></a></div>
</div>
<div class="portfolio-text">
<p>Fashion, Design</p>
<h3 class="time"><a href="#">Project for summer</a></h3>
</div>
</div>
</div>
</div>
</div>
</div>]]></content>
      <layout_update_xml><![CDATA[]]></layout_update_xml>
      <is_active><![CDATA[1]]></is_active>
    </item>
    <item>
      <title><![CDATA[Portfolio detail]]></title>
      <page_layout><![CDATA[1column]]></page_layout>
      <identifier><![CDATA[portfolio-detail]]></identifier>
      <content_heading><![CDATA[]]></content_heading>
      <content><![CDATA[<div class="cms-page-portfolio-detail">
<div class="home-slider slide-portfolio" data-slides-to-show="1" data-slides-to-scroll="1" data-fade="false" data-dots="false" data-arrows="true" data-easing="linear" data-autoplay="false" >
	<div class="item"> 
		<a href="#"> <img class="img-responsive" src="{{media url="wysiwyg/alothemes/portfolio/portfolio-slide.jpg"}}" alt="magicslider" /></a>
	</div>
	<div class="item"> 
		<a href="#"><img class="img-responsive" src="{{media url="wysiwyg/alothemes/portfolio/portfolio-slide_1.jpg"}}" alt="magicslider" /></a>
	</div>
</div>
<div class="portfolio-detail-content">
<div class="row">
<div class="portfolio-right col-lg-3 col-md-3 col-sm-3 col-xs-12 pull-right">
<div class="box-info">
<ul>
<li><span class="sub-title">Date: </span><span class="sub-info">February 14, 2016</span></li>
<li><span class="sub-title">Category: </span><span class="sub-info">Fashion</span></li>
<li><span class="sub-title">Client: </span><span class="sub-info">Sony, apple</span></li>
<li><span class="sub-title">Location: </span><span class="sub-info">Japan</span></li>
<li><span class="sub-title">Share: </span>
<ul class="link-list">
<li class="link-icon"><a class="fa fa-facebook" title="facebook"><span class="hidden">hidden</span></a></li>
<li class="link-icon"><a class="fa fa-twitter" title="twitter"><span class="hidden">hidden</span></a></li>
<li class="link-icon"><a class="fa fa-linkedin" title="linkedin"><span class="hidden">hidden</span></a></li>
<li class="link-icon"><a class="fa fa-rss" title="rss"><span class="hidden">hidden</span></a></li>
<li class="link-icon"><a class="fa fa-dribbble" title="dribbble"><span class="hidden">hidden</span></a></li>
</ul>
</li>
</ul>
</div>
</div>
<div class="portfolio-left col-lg-9 col-md-9 col-sm-9 col-xs-12 pull-left">
<h3 class="title">Lorem ipsum dolor sit amet, consectetuer adipiscing elit</h3>
<p class="portfolio-subcribe">Lorem ipsum dolor sit amet, consectetuer adipiscing elit, sed diam nonummy nibh euismod tincidunt ut laoreet dolore magna aliquam erat volutpat. Ut wisi enim ad minim veniam, quis nostrud exerci tation ullamcorper suscipit lobortis nisl ut aliquip ex ea commodo consequat. Duis autem vel eum iriure dolor in hendrerit in vulputate velit esse molestie consequat, vel illum dolore eu feugiat nulla facilisis at vero eros et accumsan et iusto odio dignissim qui blandit praesent luptatum zzril delenit augue duis dolore te feugait nulla facilisi. Nam liber tempor cum soluta nobis eleifend option congue nihil imperdiet doming id quod mazim placerat facer possim assum.</p>
<p class="portfolio-subcribe">Typi non habent claritatem insitam; est usus legentis in iis qui facit eorum claritatem. Investigationes demonstraverunt lectores legere me lius quod ii legunt saepius. Claritas est etiam processus dynamicus, qui sequitur mutationem consuetudium lectorum. Mirum est notare quam littera gothica, quam nunc putamus parum claram, anteposuerit litterarum formas humanitatis per seacula quarta decima et quinta decima. Eodem modo typi, qui nunc nobis videntur parum clari, fiant sollemnes in futurum</p>
</div>
</div>
</div>
</div>]]></content>
      <layout_update_xml><![CDATA[]]></layout_update_xml>
      <is_active><![CDATA[1]]></is_active>
    </item>
  </page>
</root>
