<?xml version="1.0" encoding="UTF-8"?>
<root>
  <magicmenu>
    <item>
      <name><![CDATA[Blog]]></name>
      <extra><![CDATA[1]]></extra>
      <magic_label><![CDATA[]]></magic_label>
      <link><![CDATA[blog]]></link>
      <ext_content><![CDATA[]]></ext_content>
      <order><![CDATA[0]]></order>
      <status><![CDATA[1]]></status>
    </item>
    <item>
      <name><![CDATA[Pages]]></name>
      <extra><![CDATA[1]]></extra>
      <magic_label><![CDATA[]]></magic_label>
      <link><![CDATA[pages]]></link>
      <ext_content><![CDATA[cms-static-pages]]></ext_content>
      <order><![CDATA[0]]></order>
      <status><![CDATA[1]]></status>
    </item>
    <item>
      <name><![CDATA[Contact]]></name>
      <extra><![CDATA[1]]></extra>
      <magic_label><![CDATA[]]></magic_label>
      <link><![CDATA[contact]]></link>
      <ext_content><![CDATA[]]></ext_content>
      <order><![CDATA[0]]></order>
      <status><![CDATA[1]]></status>
    </item>
  </magicmenu>
</root>
