<?xml version="1.0" encoding="UTF-8"?>
<root>
  <magicslider>
    <item>
      <title><![CDATA[Slide Demo 1]]></title>
      <identifier><![CDATA[slide1]]></identifier>
      <config><![CDATA[{"magicslider_id":"1","title":"Slide Demo 1","status":"1","mobile":"1","portrait":"1","landscape":"1","tablet":"1","notebook":"1","desktop":"1","visible":"1","vertical":"false","infinite":"true","autoplay":"true","arrows":"true","dots":"true","rows":"1","speed":"400","autoplay-Speed":"6000","padding":"0","media_gallery":{"images":{"rwwqtffodqp2i94im5":{"position":"0","media_type":"image","video_provider":"","file":"\/s\/l\/slide1-1.jpg","value_id":"","label":"Alotheme Bencher","link":"http:\/\/alothemes.com\/","caption":"<div class=\"container figcaption\">\r\n\t\t\t<div class=\"text-slide\">\r\n\t\t\t    <h3 class=\"caption1\">The Trendy 2016<\/h3>\r\n\t\t\t\t<h3 class=\"caption2\">Beautiful Men's Collection<\/h3>\r\n\t\t\t\t<h3 class=\"caption3\">Lorem ipsum dolor sit amet, consectetur adipisicing elit, do eiusmod tempor incididunt ut labore et dolore magna aliqua. Ut enim adminim veniam, quis nostrud exercitation ullamco laboris nisi ut aliquip  commodo consequat.<\/h3>\r\n\t\t\t    <h3 class=\"caption4\"><a class=\"btn-shop shop\" href=\"#\">shop now<\/a><a class=\"btn-shop promotion\" href=\"#\">promotion<\/a><\/h3>\r\n\t\t\t<\/div>\r\n\t\t<\/div>","disabled":"0","removed":"","video_url":"","video_title":"","video_description":"","video_metadata":"","role":""},"i4v70nc4sk4941rejo":{"position":"2","media_type":"image","video_provider":"","file":"\/s\/l\/slide1-2.jpg","value_id":"","label":"Alotheme Bencher","link":"http:\/\/alothemes.com\/","caption":"<div class=\"container figcaption\">\r\n\t\t\t<div class=\"text-slide text-slide2\">\r\n\t\t\t\t<h3 class=\"caption1\">The Biggest<\/h3>\r\n\t\t\t\t<h3 class=\"caption2\">Accessorries Collection<\/h3>\r\n\t\t\t\t<h3 class=\"caption3\">Save Up To 35%<\/h3>\r\n\t\t\t<\/div>\r\n\t\t<\/div>","disabled":"0","removed":"","video_url":"","video_title":"","video_description":"","video_metadata":"","role":""},"qvdwdu3iubvl6ne3k2":{"position":"3","media_type":"image","video_provider":"","file":"\/s\/l\/slide1-3.jpg","value_id":"","label":"Alotheme Bencher","link":"http:\/\/alothemes.com\/","caption":"<div class=\"container figcaption\">\r\n\t\t\t<div class=\"text-slide text-slide3\">\r\n\t\t\t\t<h3 class=\"caption1\">Special For This Season<\/h3>\r\n\t\t\t\t<h3 class=\"caption2\">New Product From Paris<\/h3>\r\n\t\t\t\t<h3 class=\"caption3\"><a class=\"btn-shop shop\" href=\"#\">shop now<\/a><\/h3>\r\n\t\t\t<\/div>\r\n\t\t<\/div>","disabled":"0","removed":"","video_url":"","video_title":"","video_description":"","video_metadata":"","role":""},"8dliaw7sdialebsv7l":{"position":"5","media_type":"external-video","video_provider":"","file":"\/s\/l\/slide1-2_2.jpg","value_id":"","label":"","link":"","caption":"","disabled":"0","removed":"","video_url":"https:\/\/vimeo.com\/195603350","video_title":"Emporio Armani \/ Watches & Jewelry Collection","video_description":"For this Emporio Armani showcase video we identified several graphic elements on each product and that was the starting point for the entire concept. We tried to stay true to the shapes and textures of the very products and at the same time emphasize their design and aesthetics.\r\nwww.ditroit.it\r\n\r\nCREDITS\r\n\r\nDirection: Ditroit\r\nArt Direction and Set Design: Salvatore Giunta\r\nModeling: Giovanni Mauro, Enrico Albanese\r\nLighting and Shading: Claudio Gasparollo\r\nAnimation: Cristian Acquaro \r\nMusic and Sound Design: Smider\r\n\r\nAgency: Lorenzo Banal\r\nClient: Armani","video_metadata":"","role":"For this Emporio Armani showcase video we identified several graphic elements on each product and that was the starting point for the entire concept. We tried to stay true to the shapes and textures of the very products and at the same time emphasize their design and aesthetics.\r\nwww.ditroit.it\r\n\r\nCREDITS\r\n\r\nDirection: Ditroit\r\nArt Direction and Set Design: Salvatore Giunta\r\nModeling: Giovanni Mauro, Enrico Albanese\r\nLighting and Shading: Claudio Gasparollo\r\nAnimation: Cristian Acquaro \r\nMusic and Sound Design: Smider\r\n\r\nAgency: Lorenzo Banal\r\nClient: Armani"}}}}]]></config>
      <status><![CDATA[1]]></status>
    </item>
    <item>
      <title><![CDATA[Slide Demo 2]]></title>
      <identifier><![CDATA[slide2]]></identifier>
      <config><![CDATA[{"title":"Slide Demo 2","identifier":"slide2","status":"1","mobile":"1","portrait":"1","landscape":"1","tablet":"1","notebook":"1","desktop":"1","visible":"1","vertical":"false","infinite":"true","autoplay":"true","arrows":"true","dots":"true","rows":"1","speed":"400","autoplay-Speed":"6000","padding":"0","media_gallery":{"images":{"f20kdg2hvea20imf6k":{"position":"1","media_type":"image","video_provider":"","file":"\/s\/l\/slide2-1.jpg","value_id":"","label":"Alotheme Bencher","link":"http:\/\/alothemes.com\/","caption":"<div class=\"container figcaption\">\r\n\t\t\t<div class=\"text-slide\">\r\n\t\t\t    <h3 class=\"caption1\">The Trendy 2016<\/h3>\r\n\t\t\t\t<h3 class=\"caption2\">Beautiful Men's Collection<\/h3>\r\n\t\t\t\t<h3 class=\"caption3\">Lorem ipsum dolor sit amet, consectetur adipisicing elit, do eiusmod tempor incididunt ut labore et dolore magna aliqua. Ut enim adminim veniam, quis nostrud exercitation ullamco laboris nisi ut aliquip  commodo consequat.<\/h3>\r\n\t\t\t    <h3 class=\"caption4\"><a class=\"btn-shop shop\" href=\"#\">shop now<\/a><a class=\"btn-shop promotion\" href=\"#\">promotion<\/a><\/h3>\r\n\t\t\t<\/div>\r\n\t\t<\/div>","disabled":"0","removed":"","video_url":"","video_title":"","video_description":"","video_metadata":"","role":""},"hs9eq1hs0gw8oosdq1":{"position":"2","media_type":"image","video_provider":"","file":"\/s\/l\/slide2-2.jpg","value_id":"","label":"Alotheme Bencher","link":"http:\/\/alothemes.com\/","caption":"<div class=\"container figcaption\">\r\n\t\t\t<div class=\"text-slide text-slide2\">\r\n\t\t\t\t<h3 class=\"caption1\">The Biggest<\/h3>\r\n\t\t\t\t<h3 class=\"caption2\">Accessorries Collection<\/h3>\r\n\t\t\t\t<h3 class=\"caption3\">Save Up To 35%<\/h3>\r\n\t\t\t<\/div>\r\n\t\t<\/div>","disabled":"0","removed":"","video_url":"","video_title":"","video_description":"","video_metadata":"","role":""},"a45he1sqdsoeidi5as":{"position":"3","media_type":"image","video_provider":"","file":"\/s\/l\/slide2-3.jpg","value_id":"","label":"Alotheme Bencher","link":"http:\/\/alothemes.com\/","caption":"<div class=\"container figcaption\">\r\n\t\t\t<div class=\"text-slide text-slide3\">\r\n\t\t\t\t<h3 class=\"caption1\">Special For This Season<\/h3>\r\n\t\t\t\t<h3 class=\"caption2\">New Product From Paris<\/h3>\r\n\t\t\t\t<h3 class=\"caption3\"><a class=\"btn-shop shop\" href=\"#\">shop now<\/a><\/h3>\r\n\t\t\t<\/div>\r\n\t\t<\/div>","disabled":"0","removed":"","video_url":"","video_title":"","video_description":"","video_metadata":"","role":""}}}}]]></config>
      <status><![CDATA[1]]></status>
    </item>
    <item>
      <title><![CDATA[Slide Demo 3]]></title>
      <identifier><![CDATA[slide3]]></identifier>
      <config><![CDATA[{"title":"Slide Demo 3","identifier":"slide3","status":"1","mobile":"1","portrait":"1","landscape":"1","tablet":"1","notebook":"1","desktop":"1","visible":"1","vertical":"false","infinite":"true","autoplay":"true","arrows":"true","dots":"true","rows":"1","speed":"400","autoplay-Speed":"6000","padding":"0","media_gallery":{"images":{"vtj8wseja4n66dgr0d":{"position":"1","media_type":"image","video_provider":"","file":"\/s\/l\/slide3-1.jpg","value_id":"","label":"Alotheme Bencher","link":"http:\/\/alothemes.com\/","caption":"<div class=\"container figcaption\">\r\n\t\t\t<div class=\"text-slide\">\r\n\t\t\t    <h3 class=\"caption1\">The Trendy 2016<\/h3>\r\n\t\t\t\t<h3 class=\"caption2\">Beautiful Men's Collection<\/h3>\r\n\t\t\t\t<h3 class=\"caption3\">Lorem ipsum dolor sit amet, consectetur adipisicing elit, do eiusmod tempor incididunt ut labore et dolore magna aliqua. Ut enim adminim veniam, quis nostrud exercitation ullamco laboris nisi ut aliquip  commodo consequat.<\/h3>\r\n\t\t\t    <h3 class=\"caption4\"><a class=\"btn-shop shop\" href=\"#\">shop now<\/a><a class=\"btn-shop promotion\" href=\"#\">promotion<\/a><\/h3>\r\n\t\t\t<\/div>\r\n\t\t<\/div>","disabled":"0","removed":"","video_url":"","video_title":"","video_description":"","video_metadata":"","role":""},"m3jglpu8krnn7cpc29":{"position":"2","media_type":"image","video_provider":"","file":"\/s\/l\/slide3-2.jpg","value_id":"","label":"Alotheme Bencher","link":"http:\/\/alothemes.com\/","caption":"<div class=\"container figcaption\">\r\n\t\t\t<div class=\"text-slide text-slide2\">\r\n\t\t\t\t<h3 class=\"caption1\">Special for today<\/h3>\r\n\t\t\t\t<h3 class=\"caption2\">Spring collection<\/h3>\r\n\t\t\t\t<h3 class=\"caption4\"><a class=\"btn-shop shop\" href=\"#\">shop now<\/a><a class=\"btn-shop promotion\" href=\"#\">promotion<\/a><\/h3>\r\n\t\t\t<\/div>\r\n\t\t<\/div>","disabled":"0","removed":"","video_url":"","video_title":"","video_description":"","video_metadata":"","role":""},"agmci0avv6u7hfwsu0":{"position":"3","media_type":"image","video_provider":"","file":"\/s\/l\/slide3-3.jpg","value_id":"","label":"Alotheme Bencher","link":"http:\/\/alothemes.com\/","caption":"<div class=\"container figcaption\">\r\n\t\t\t<div class=\"text-slide text-slide3\">\r\n\t\t\t\t<h3 class=\"caption1\">the biggest<\/h3>\r\n\t\t\t\t<h3 class=\"caption2\">winter collection<\/h3>\r\n\t\t\t\t<h3 class=\"caption3\">Save up to 35%<\/h3>\r\n\t\t\t<\/div>\r\n\t\t<\/div>","disabled":"0","removed":"","video_url":"","video_title":"","video_description":"","video_metadata":"","role":""}}}}]]></config>
      <status><![CDATA[1]]></status>
    </item>
    <item>
      <title><![CDATA[Slide Demo 5]]></title>
      <identifier><![CDATA[slide5]]></identifier>
      <config><![CDATA[{"title":"Slide Demo 5","identifier":"slide5","status":"1","mobile":"1","portrait":"1","landscape":"1","tablet":"1","notebook":"1","desktop":"1","visible":"1","vertical":"false","infinite":"true","autoplay":"true","arrows":"true","dots":"true","rows":"1","speed":"400","autoplay-Speed":"6000","padding":"0","media_gallery":{"images":{"609nweutdtip81mldk":{"position":"1","media_type":"image","video_provider":"","file":"\/s\/l\/slide5-1.jpg","value_id":"","label":"Alotheme Bencher","link":"http:\/\/alothemes.com\/","caption":"<div class=\"container figcaption\">\r\n\t\t\t<div class=\"text-slide\">\r\n\t\t\t    <h3 class=\"caption1\">The Trendy 2016<\/h3>\r\n\t\t\t\t<h3 class=\"caption2\">Beautiful Men's Collection<\/h3>\r\n\t\t\t\t<h3 class=\"caption3\">Lorem ipsum dolor sit amet, consectetur adipisicing elit, do eiusmod tempor incididunt ut labore et dolore magna aliqua. Ut enim adminim veniam, quis nostrud exercitation ullamco laboris nisi ut aliquip  commodo consequat.<\/h3>\r\n\t\t\t    <h3 class=\"caption4\"><a class=\"btn-shop shop\" href=\"#\">shop now<\/a><a class=\"btn-shop promotion\" href=\"#\">promotion<\/a><\/h3>\r\n\t\t\t<\/div>\r\n\t\t<\/div>","disabled":"0","removed":"","video_url":"","video_title":"","video_description":"","video_metadata":"","role":""},"isrma9u80f3h2hl8eo":{"position":"2","media_type":"image","video_provider":"","file":"\/s\/l\/slide5-2.jpg","value_id":"","label":"Alotheme Bencher","link":"http:\/\/alothemes.com\/","caption":"<div class=\"container figcaption\">\r\n\t\t\t<div class=\"text-slide text-slide2\">\r\n\t\t\t\t<h3 class=\"caption1\">The Biggest<\/h3>\r\n\t\t\t\t<h3 class=\"caption2\">Spring collection<\/h3>\r\n\t\t\t\t<h3 class=\"caption3\">Save Up To 35%<\/h3>\r\n\t\t\t<\/div>\r\n\t\t<\/div>","disabled":"0","removed":"","video_url":"","video_title":"","video_description":"","video_metadata":"","role":""},"jmkkwmcro1g721nf5g":{"position":"3","media_type":"image","video_provider":"","file":"\/s\/l\/slide5-3.jpg","value_id":"","label":"Alotheme Bencher","link":"http:\/\/alothemes.com\/","caption":"<div class=\"container figcaption\">\r\n\t\t\t<div class=\"text-slide text-slide3\">\r\n\t\t\t\t<h3 class=\"caption1\">special for today<\/h3>\r\n\t\t\t\t<h3 class=\"caption2\">spring collection<\/h3>\r\n\t\t\t\t<h3 class=\"caption3\"><a class=\"btn-shop shop\" href=\"#\">shop now<\/a><\/h3>\r\n\t\t\t<\/div>\r\n\t\t<\/div>","disabled":"0","removed":"","video_url":"","video_title":"","video_description":"","video_metadata":"","role":""}}}}]]></config>
      <status><![CDATA[1]]></status>
    </item>
    <item>
      <title><![CDATA[Slide Demo 6]]></title>
      <identifier><![CDATA[slide6]]></identifier>
      <config><![CDATA[{"title":"Slide Demo 6","identifier":"slide6","status":"1","mobile":"1","portrait":"1","landscape":"1","tablet":"1","notebook":"1","desktop":"1","visible":"1","vertical":"false","infinite":"true","autoplay":"true","arrows":"true","dots":"true","rows":"1","speed":"400","autoplay-Speed":"6000","padding":"0","media_gallery":{"images":{"lski0j321tr5nhspsa":{"position":"1","media_type":"image","video_provider":"","file":"\/s\/l\/slide6-1.jpg","value_id":"","label":"Alotheme Bencher","link":"http:\/\/alothemes.com\/","caption":"<div class=\"container figcaption\">\r\n\t\t\t<div class=\"text-slide text-slide3\">\r\n\t\t\t\t<h3 class=\"caption1\">The best ecommerce magento theme<\/h3>\r\n\t\t\t\t<h3 class=\"caption2\">we are bencher<\/h3>\r\n\t\t\t\t<h3 class=\"caption3\">Lorem ipsum dolor sit amet, consectetur adipiscing elit. Suspendisse consequat orci sed  ultricies, eget sollicitudin quam consectetur<\/h3>\r\n<h3 class=\"caption4\"><a class=\"btn-shop shop\" href=\"#\">shop now<\/a><a class=\"btn-shop promotion\" href=\"#\">promotion<\/a><\/h3>\r\n\t\t\t<\/div>\r\n\t\t<\/div>","disabled":"0","removed":"","video_url":"","video_title":"","video_description":"","video_metadata":"","role":""},"60jkdmupla3i6d92tf":{"position":"2","media_type":"image","video_provider":"","file":"\/s\/l\/slide6-2.jpg","value_id":"","label":"Alotheme Bencher","link":"http:\/\/alothemes.com\/","caption":"<div class=\"container figcaption\">\r\n\t\t\t<div class=\"text-slide\">\r\n\t\t\t    <h3 class=\"caption1\">The Trendy 2016<\/h3>\r\n\t\t\t\t<h3 class=\"caption2\">Beautiful Men's Collection<\/h3>\r\n\t\t\t\t<h3 class=\"caption3\">Lorem ipsum dolor sit amet, consectetur adipisicing elit, do eiusmod tempor incididunt ut labore et dolore magna aliqua. Ut enim adminim veniam, quis nostrud exercitation ullamco laboris nisi ut aliquip  commodo consequat.<\/h3>\r\n\t\t\t    <h3 class=\"caption4\"><a class=\"btn-shop shop\" href=\"#\">shop now<\/a><a class=\"btn-shop promotion\" href=\"#\">promotion<\/a><\/h3>\r\n\t\t\t<\/div>\r\n\t\t<\/div>","disabled":"0","removed":"","video_url":"","video_title":"","video_description":"","video_metadata":"","role":""},"0m9746lpr17ejlugw3":{"position":"3","media_type":"image","video_provider":"","file":"\/s\/l\/slide6-3.jpg","value_id":"","label":"Alotheme Bencher","link":"http:\/\/alothemes.com\/","caption":"<div class=\"container figcaption\">\r\n\t\t\t<div class=\"text-slide text-slide2\">\r\n\t\t\t\t<h3 class=\"caption1\">Special For This Season<\/h3>\r\n\t\t\t\t<h3 class=\"caption2\">New Product From Paris<\/h3>\r\n\t\t\t\t<h3 class=\"caption3\">Lorem ipsum dolor sit amet, consectetur adipiscing elit. Suspendisse consequat orci sed  ultricies, eget sollicitudin quam consectetur<\/h3>\r\n\t\t\t<\/div>\r\n\t\t<\/div>","disabled":"0","removed":"","video_url":"","video_title":"","video_description":"","video_metadata":"","role":""}}}}]]></config>
      <status><![CDATA[1]]></status>
    </item>
  </magicslider>
</root>
